author,count_similarity,tfidf_similarity,comment_rate,top_level_proportion,reply_time,isBot
000000robot,0.06971388615,0.04622156265,3.96E-05,0.7,12583,0
07bot4life,0.04981816995,0.03994931104,2.23E-05,0.16,4619.5,0
10greenbottles,0.0852095056,0.05491866372,1.52E-05,0.2,7227.5,0
12h_bottletothrottle,0.09421118333,0.05672029617,3.52E-05,0.18,12643,0
2400gbot,0.1381727448,0.07632468973,2.60E-05,0.24,1032.5,0
3cardblindbot,0.212565157,0.09226036433,4.85E-05,0.24,147457,1
45degreebottle,0.1125121284,0.0683591631,3.00E-05,0.32,679,0
5th_Law_of_Robotics,0.07766949367,0.05263939215,0.00128882588,0.24,22031.5,0
64robots,0.08529986053,0.05498926783,1.78E-05,0.24,4149.5,0
7upbottle,0.1890732846,0.1201915245,9.17E-06,0.58,3130,0
99bottlesOfMilk,0.07243895121,0.04886883696,4.37E-06,0.6,19911.5,0
A-Robots-Heart,0.1368632284,0.07399476568,1.99E-05,0.24,10078,0
AFSCbot,0.8151399869,0.3604993617,0.0001687934643,0,13,1
ASentientRobot,0.200396776,0.0873776528,2.88E-05,0.22,14442.5,0
A_Friendly_Robot,0.06468340698,0.04281772719,1.17E-05,0.16,15384,0
A_bottle_of_charade,0.1579855257,0.08203285504,5.93E-05,0.08,6817.5,0
A_robot_cat,0.1246311128,0.06870782494,8.14E-06,0.4,4268,0
Abbotn,0.1382866755,0.07649099121,6.06E-06,0.38,1303,0
ActionPlanetRobot,0.1251910827,0.06207232999,1.65E-05,0.14,9288,0
AimbotHackz,0.05021346778,0.03583780015,6.99E-05,0.36,11614,0
Aimbot_YT,0.09186137953,0.05620754636,5.25E-06,0.4,376,0
AlienMutantRobotDog,0.09655570518,0.05194103952,3.36E-05,0.64,13748.5,0
AlmostRobot,0.7620382027,0.4845285201,0.0002801465727,0.94,3060,1
AlsoARobot,0.1301380975,0.07530238886,3.80E-05,0.76,18762.5,0
AmtsboteHannes,0.3674876854,0.1603940928,1.45E-05,0.54,810.5,0
AnEmancipatedSpambot,0.09243441975,0.0560738495,4.72E-05,0.74,24109.5,0
AnfrageUndNachgebot,0.04502877765,0.03611854357,5.95E-06,0.26,19211,0
AngryRobotsInc,0.2069667526,0.08735832208,0.000181082657,0.28,876,0
Angry_Robot,0.0824107375,0.04918454834,4.91E-06,0.4,5151,0
Angry_Robots,0.1642559074,0.08276331803,1.06E-05,0.46,11634.5,0
AnonymoosContriboter,0.1359023239,0.07314436047,4.78E-05,0.28,3421.5,0
Antlerbot,0.09019222604,0.05519573634,2.09E-05,0.08,5376.5,0
Arguing_Robot_Pony,0.1054068198,0.06256369336,1.99E-05,0.04,8977.5,0
Artoobot,0.1382100184,0.08133051356,1.38E-05,0.62,4240.5,0
Autobot-N,0.0456421743,0.03842720292,5.78E-05,0.1,2506,0
Autobot248,0.1469410352,0.1051878708,5.73E-06,0.4,12956.5,0
AutobotN7,0.09314160474,0.05810160855,1.16E-05,0.5,3702,0
AutobotTesla,0.1773855571,0.1441218479,3.72E-05,0.56,12306,0
AwesomeAutobot,0.05757985208,0.04215118343,3.70E-05,0.78,233.5,0
BHRobots,0.05946376338,0.04233168268,1.63E-05,0.44,12807,0
BOTLbot,1,1,9.31E-05,1,962,1
Bakerbot101,0.07456715768,0.05049247767,4.64E-05,0.3,2628,0
Banano_Tipbot,0.8870029161,0.4607614918,3.30E-05,0,13,1
BastardRobots,0.06679037978,0.04501479791,3.37E-05,0.62,20360.5,0
Beelzebot44,0.1468802309,0.07976147833,5.41E-05,0.18,7189.5,0
Beep_Boop_IAmaRobot,0.1277668817,0.06255285159,3.36E-05,0.24,6899.5,0
BigAbbott,0.09286825731,0.05691358598,0.000110173413,0.26,3502,0
BigDowntownRobot,0.21450752,0.09616463812,5.35E-05,0.14,11438,0
Biobot775,0.1087734006,0.06377979732,2.70E-05,0.12,6017,0
Blarkbot,0.1070471897,0.06516704628,2.40E-05,0.18,4754.5,0
Bleepbloopbotz,0.1054987348,0.05203055573,0.0001137571013,0.52,382,0
BlinkTheMagicRobot,0.05836405986,0.04324378087,1.11E-05,0.78,270,0
Bobrobot1,0.04475764966,0.03311479708,8.75E-05,0.26,4087.5,0
Botch_Lobotomy,0.07023742631,0.04761518433,6.95E-06,0.54,14513.5,0
Bottombottoms,0.149803173,0.0766779503,1.70E-05,0.08,1877.5,0
Brobot526,0.04961337865,0.04049582413,1.54E-05,0.72,520.5,0
Brobotz,0.1014291839,0.05739170625,9.57E-06,0.68,19979,0
BuildTheRobots,0.1786764821,0.07971247562,2.41E-05,0.5,18299.5,0
BumbotheCleric,0.09218388527,0.05348314616,3.10E-05,0.16,10944,0
But_IAmARobot,0.129232764,0.07015692579,8.21E-05,0.74,280.5,0
Butt_Robot,0.0642251318,0.04453888766,8.77E-06,0.64,15967,0
CCPupvotebot,0.09210321148,0.05078913344,2.30E-05,0.4,23634.5,0
CLTalbot,0.130227682,0.06723345517,4.57E-05,0.66,17533,0
CMBDeletebot,0.5536447223,0.1497137513,0.01461560947,0,4,1
Cambot1138,0.1063427071,0.05599724072,2.51E-05,0.12,6702,0
Canbot,0.1998244249,0.08942345047,9.51E-05,0.2,4187.5,0
CaptainBazbotron,0.09496129014,0.05565424387,6.27E-05,0.42,15491.5,0
Caringforarobot,0.1315144509,0.07298586346,1.37E-05,0.14,8692,0
Catebot,0.5733070663,0.264141805,6.25E-05,0,12.5,1
ChassibotDa,0.08086453042,0.05410750682,1.20E-05,0.3,7000,0
Chatbot_Charlie,0.04626226579,0.03709761669,9.97E-06,0.08,13490.5,0
CheckMarkImNotaRobot,0.116492237,0.05873296711,9.09E-06,0.42,2357,0
Chemical_Robot,0.16238395,0.0826539556,2.65E-05,0.12,8258.5,0
ChesterHiggenbothum,0.1327964798,0.06609658655,2.26E-05,0.04,8300,0
Chick-fil-A_spellbot,1,1,5.52E-05,0,4,1
Chimpbot,0.1409105158,0.07153352621,0.000170198281,0.02,4303,0
ChoppingMallKillbot,0.04137877989,0.03187124977,0.0001828447721,0.72,6904,0
ClumsyAerobot,0.1323971159,0.06865354346,1.13E-05,0.32,1309,0
CokeRobot,0.2181333837,0.09700145131,2.08E-05,0.6,29549,0
Commonmispelingbot,0.08707287676,0.05320442327,5.05E-05,0.3,13925,0
Consaibot1,0.1072718695,0.06196899614,7.75E-06,0.64,19919,0
ContextualRobot,0.4656961009,0.1168917698,0.0002763148442,1,9.5,1
Corbotron_5,0.1006460469,0.06183705113,9.09E-05,0.5,32981,0
CosmonaughtyIsRoboty,0.08415553291,0.0523527155,2.60E-05,0.22,5748,0
Crow-Robot,0.2042728562,0.09167511206,1.71E-05,0.68,10099.5,0
Csxbot,0.1446520848,0.07389105292,5.85E-06,0.42,5938.5,0
Cybot2966,0.05789362036,0.04408250385,1.48E-05,0.76,25615,0
Cybot_G,0.09259408592,0.05600141786,3.71E-05,0.4,32733.5,0
DKXMbot,0.1982476127,0.08490652188,9.60E-06,0.38,17641.5,0
Dagubot,0.1114498413,0.06476895142,5.16E-06,0.54,7967,0
Dan-bot000,0.0400844642,0.03423560716,1.99E-05,0.96,628.5,0
Danbot56,0.04941915631,0.03731932887,8.10E-06,0.46,19710.5,0
DansoRoboto,0.1850651484,0.08664034206,1.66E-05,0.66,7504.5,0
Darkbeetlebot,0.0771655817,0.04974496528,1.83E-05,0.68,15360,0
DaydreamingRobot,0.4442851881,0.2303547972,5.57E-06,0.1,16025,0
DeathRayRobot,0.1443612792,0.0859280394,1.64E-05,0.42,15399.5,0
Decoyrobot,0.2405762447,0.1001627768,1.02E-05,0.12,2699.5,0
DeepWaterSabotage,0.09284088437,0.05418782074,2.32E-05,0.28,6908,0
DefinitelyNotRobotic,0.08745941027,0.05696964793,0.0001789702766,0.14,2381.5,0
Deskbot,0.1300882004,0.06967346931,3.87E-05,0.46,5644,0
DeskbotKnight,0.07763204915,0.05241535831,6.83E-05,0.2,9895,0
DesolationRobot,0.2153826352,0.08714029978,8.30E-05,0.36,6376,0
Detective_Robot,0.1039669332,0.05717232668,3.54E-05,0.68,5546,0
Diabotek,0.1743676678,0.08856170125,1.89E-05,0.4,8742.5,0
DisabledSexRobot,0.06175516764,0.04478238432,4.08E-05,0.22,7258,0
DiscoverYourFuck-bot,0.0871756794,0.05594714838,3.13E-05,0.4,18822,0
Diskobots,0.2137479918,0.09562192745,8.76E-06,0.44,985,0
Doesntthisbotheryou,0.2133818916,0.1051873847,1.49E-05,0.04,1400,0
DoombotBL,0.06809472312,0.04808020062,0.0001049441277,0.68,13851,0
DrRobotWantsABaby,0.1754344597,0.09191000636,2.41E-06,0.28,11786,0
Dudebot21,0.06496933442,0.04746415175,2.99E-05,0.26,4526,0
Duke_Swillbottom,0.1088489927,0.06052392363,4.64E-05,0.24,1295.5,0
Egobot,0.1443598361,0.08447210964,8.17E-06,0.5,20193.5,0
EmilysPro_Vieuwbot,0.060208659,0.04512333271,2.91E-05,0.4,11282.5,0
EmmaTheRobot,0.06766413789,0.04836653526,0.0004706901259,0.3,1068.5,0
Emobot7,0.1000152461,0.06277839123,6.41E-06,0.62,12055,0
EncouragementRobot,0.3131426335,0.1418895619,0.0004534324839,0,2,1
EndoRoboto,0.1516834964,0.07448059727,5.63E-06,0.36,3612,0
Ermigurd_Robots,0.1255857555,0.06638772327,1.47E-05,0.16,6539,0
Err0rbot,0.09276151453,0.05687395113,0.0001071214329,0.88,19122.5,0
EvilRobot153,0.093488055,0.04856970764,4.78E-05,0.14,8450.5,0
FNGandhisbot,0.0738245539,0.06568179978,5.25E-05,0.24,4099,0
FancyRobot,0.1448317262,0.07539703987,4.07E-05,0.34,696.5,0
Farmerobot,0.07725362226,0.04992923035,6.98E-05,0.4,20486.5,0
FembotFemputer,0.0523490231,0.04004152018,1.65E-05,0.58,411,0
FightingRobots2,0.09399116461,0.05689748319,2.98E-05,0.04,7654.5,0
FinntheFlobot,0.1200490805,0.07115322524,0.0001074310024,0.14,5351,0
FisterRobotOh,0.06617621645,0.04312601092,5.50E-05,0.02,6505.5,0
Flaimbot,0.07457360785,0.04764725345,2.77E-05,0.32,14060.5,0
FleshRobot0,0.09747511571,0.05793482262,1.67E-05,0.76,16665,0
FlowerGirlRobot215,0.1537208968,0.08638519032,6.93E-05,0.26,8210,0
FlyRobot,0.07996081682,0.05187478812,0.0002519513633,0.12,8245,0
ForTheRobot,0.1036239329,0.05981295585,5.00E-06,0.88,12064.5,0
Fr33TheRobots,0.09633914129,0.0589583153,1.21E-05,0.56,839,0
FranklyTheRobot,0.1326284673,0.07377934418,1.70E-05,0.26,1766.5,0
FreakAzoidWarRobots,0.1021460364,0.06150823757,3.74E-05,0.42,18205.5,0
FreddyFunkbot,1,1,9.37E-05,1,634.5,1
FriendshipRobotTest,1,1,0.0002781610219,1,44,1
GAFSbot,0.6546797914,0.6304849909,0.02331002331,0,379331.5,1
Galbotorix,0.2041251395,0.09390690783,5.52E-06,0.8,15694,0
Ganglebot,0.09808744532,0.05814005373,0.0002844108713,0.28,13683.5,0
GhostRobot55,0.1115733513,0.06493905246,9.54E-06,0.04,5034,0
GiantRobotTRex,0.06479952556,0.04229763195,8.87E-05,0.2,3501,0
GirTheRobot,0.2035080758,0.1047708727,8.77E-06,0.66,2960,0
Gloombot,0.142492917,0.07781615647,2.01E-05,0.18,23026,0
Glumbot_2,0.103146052,0.07607462913,6.01E-05,0.64,617,0
Goaty-bot,0.1201222232,0.06603645175,7.40E-06,0.38,7622.5,0
Gonzobot,0.2877187729,0.120574437,0.00101999184,0.02,3736,0
Government_spy_bot,0.07293087352,0.04860209217,0.0009586808551,0.4,9968,0
Grammarnazi_bot,0.06452360272,0.0444039877,3.67E-05,0.32,11752,0
Gregbot3000,0.05972112735,0.04366910824,2.70E-05,0.38,603.5,0
GroceryRobot,0.07942315159,0.05221298483,5.25E-05,0.24,1540.5,0
Hak3rbot13,0.04936546337,0.03718972034,3.19E-05,0.08,5590.5,0
Halcyonrobot,0.1079456968,0.06100581293,5.19E-05,0.72,18573,0
Hasbotted,0.1230901498,0.06951941395,3.16E-05,0.22,7922.5,0
Hewman_Robot,0.0970489762,0.05646799283,6.88E-05,0.18,4898,0
Hiddeboterkoek,0.03596276305,0.03085966576,2.69E-05,0.52,11203.5,0
Higgenbottoms,0.1089433633,0.05965194973,1.47E-05,0.42,9022,0
Hippobottomous,0.2114415438,0.100781988,5.17E-05,0.34,1002,0
HobotangInspektor,0.107000463,0.05904803261,3.56E-05,0.52,1497.5,0
Hobotowm,0.05817032422,0.04490946489,7.54E-06,0.68,14931,0
HumanoidRobot,0.09396595866,0.05233470533,9.38E-05,0.48,3209,0
Hunbottybot,0.09677792386,0.05924353983,9.79E-06,0.68,7630,0
Hypoallergenic_Robot,0.09742175588,0.05663902683,1.65E-05,0.18,7767,0
IAmALazyRobot,0.09608211652,0.0572663807,1.68E-05,0.32,13996.5,0
IAmARobot,0.1428013842,0.06795788059,3.07E-05,0.32,9900.5,0
IAmARobotTrustMe,0.1069529658,0.06206853808,3.88E-05,0.36,5300,0
IHoebot,0.1119364152,0.06252898632,9.89E-06,0.12,7649.5,0
I_am_a_robot_yo,0.1061721143,0.05778234947,3.26E-05,0.02,4149.5,0
I_am_bot_beep_boop,0.084740959,0.05766620552,0.0001115543537,0.54,915,0
I_hate_bots_,0.1679795388,0.1010034351,5.20E-06,0.04,453.5,0
I_wish_I_was_a_robot,0.09508321627,0.06346648589,9.58E-05,0.3,7356.5,0
Iamnotabot1234,0.05276631409,0.03951833942,2.14E-05,0.7,7103,0
Iamnotabot4321,0.05622624353,0.04011863411,3.92E-05,0.62,10035,0
Iamnotarobotchicken,0.1339229863,0.0720637248,3.87E-05,0.24,7104.5,0
Iamtherawbot,0.0868145622,0.054737151,1.84E-05,0.6,26023,0
Ibbot,0.146642395,0.07441736634,1.80E-05,0.08,3988,0
Ihatebots9001,0.07740536548,0.0529897683,1.87E-05,0.16,922.5,0
ImNotARobotFOSHO,0.1189163596,0.06960080722,7.41E-06,0.18,19571.5,0
Imnotarobot5592,0.1641832992,0.08642388115,9.91E-06,0.42,18315,0
InducedLobotomy,0.104489316,0.06256564565,1.11E-05,0.26,13342,0
IndustrialSabotage,0.2626373617,0.1115076238,3.24E-05,0.34,6033.5,0
Ink_bot,0.5186608142,0.1759282087,6.67E-05,0,15,1
InsanerobotWargaming,0.04785448486,0.03881359254,5.62E-05,0.22,12205,0
Ipossiblymaybearobot,0.1093375692,0.07266350221,1.46E-05,0.66,15813,0
IronicRobot_,0.1028056071,0.06364213188,5.03E-05,0.24,9685.5,0
ItsAutobot,0.10433879,0.06363490431,5.77E-05,0.06,507,0
ItsNatsuTalbott,0.1082004641,0.06307421857,1.51E-05,0.22,3752,0
ItsToughBeingARobot,0.05655735698,0.04228809274,7.93E-06,0.56,1095.5,0
Iwipebothways,0.1791676192,0.07059369131,4.25E-05,0.22,6793.5,0
J-J-Ricebot,0.1189340801,0.05999042239,5.73E-06,0.14,14449,0
JamesRobotoMD,0.109104403,0.06350903199,1.51E-05,0.18,3441,0
Jbota,0.1139614206,0.06390463271,1.64E-05,0.32,4170.5,0
JellyRobotFactory,0.14094951,0.09548318344,4.30E-05,0.48,4666.5,0
Jellybotemi,0.0618580759,0.04434388721,1.30E-05,0.6,2633.5,0
Jlegobot,0.04251885058,0.03406275847,0.000135725357,0.36,7391.5,0
JoeyRobot,0.07976026226,0.0511624671,9.34E-05,0.34,7667,0
JohnCabot,0.177530734,0.09268093096,2.11E-05,0.14,9006.5,0
Jugbot,0.06199968964,0.04524117955,1.83E-05,0.42,16536.5,0
Junkbot,0.119443615,0.06577805177,2.44E-05,0.32,1760,0
KaneRobot,0.1318266545,0.07232874058,0.0001824065258,0.4,8364,0
KangarooBoxingRobot,0.1117457174,0.06449574566,3.19E-05,0.02,7291.5,0
Kbotonline,0.1934545271,0.09642046006,1.31E-05,0.12,7550,0
Kerbobotat,0.09417857026,0.0545204623,3.58E-05,0.18,10621,0
Kevbot1000,0.1092438764,0.05954134015,1.93E-05,0.3,18358,0
Kia-Ca-T_D-bot,0.2543755126,0.09785938181,5.52E-05,0.14,15960.5,0
Killbot696,0.1477004359,0.07852945215,9.91E-06,0.58,10521.5,0
KillbotVI,0.09422231774,0.05534344773,4.39E-06,0.3,10070,0
Killbot_Wants_Hug,0.1833831451,0.08725866393,0.0004443970421,0.08,2767.5,0
Killerbote,0.07493860537,0.04658432062,1.59E-05,0.64,13118.5,0
KingRobotPrince,0.1840578063,0.09133441879,4.25E-05,0.48,2914,0
Knappsterbot,0.1075122823,0.06368851337,7.93E-05,0.08,1636,0
Krangbot,0.1120614384,0.05675975585,7.17E-05,0.5,8469.5,0
KratomRobot,0.1538778239,0.08309394474,1.80E-05,0.02,18674,0
Kresbot,0.06667211198,0.0467433117,3.52E-05,0.22,5048.5,0
KungFooRobot,0.1273855389,0.06797382522,1.09E-05,0,3804,0
Lagerbottoms,0.2205851542,0.1055445034,4.45E-05,0.4,30851.5,0
Lambotherambo,0.09332220904,0.05803540789,2.07E-05,0.28,6697,0
Laterbot,0.0678294034,0.04611241394,7.17E-05,0.18,7971,0
Legorobotdude,0.1190124492,0.06297508527,9.59E-06,0.28,14163,0
Lesabotsy,0.1246511562,0.0730283479,2.12E-05,0.64,1851,0
LesbianRobotGrandma,0.1489686938,0.07232013085,1.60E-05,0.52,3417.5,0
Letrabottle,0.1237439144,0.06681137362,4.88E-06,0.14,7311,0
LittleLionRobotz,0.0527426413,0.04323877003,9.20E-06,0.9,25320,0
Littlebotweak,0.120943211,0.06961304388,1.13E-05,0.14,6212,0
LobotXIII,0.08675735588,0.05615698171,2.45E-05,0.32,10395,0
Lobotomist,0.09269953762,0.05911272659,8.49E-05,0.28,4571,0
LobotomistCircu,0.1974243882,0.08724244226,3.86E-05,0.12,8597.5,0
Lord_Webotama,0.05296545115,0.04131661419,1.72E-05,0.44,19068,0
LostAbbott,0.1855062094,0.09141937851,3.77E-05,0.28,4905,0
Lovebot_AI,0.1115287657,0.06298498751,8.40E-05,0.46,3215.5,0
Lucas_Kabot,0.1590146008,0.08984572967,5.23E-05,0.12,2184.5,0
Lukebottalico1219,0.06061601768,0.04433002175,7.80E-06,0.76,3724.5,0
MHHcypherbot,0.2553466576,0.09411060651,1.61E-05,0.88,20,1
MVRobots,0.1012530134,0.06267044827,7.59E-06,0.2,6006.5,0
MagnetoRobotics,0.1240800578,0.06990971262,5.44E-05,0.64,21398.5,0
Maintenancebot,0.2231449776,0.09500909809,1.62E-05,0.46,20231.5,0
MajorRobotnik,0.06534219675,0.04401919981,6.56E-05,0.52,1153.5,0
Makerbot2000,0.1233996933,0.06737389306,0.0001979280888,0.42,8805,0
Manan-Abbott,0.08567436016,0.06281605655,4.39E-06,0.54,22714.5,0
MasbotAlpha,0.0767488851,0.05118726896,8.92E-06,0.08,9898.5,0
MaverickRobot,0.07241312571,0.0473175195,7.29E-05,0.38,10691,0
Meadowbottom,0.1453032323,0.06850699456,7.03E-06,0.52,22984.5,0
MeatspaceRobot,0.2694778543,0.1142449968,2.05E-05,0.48,2218,0
Mechabot5,0.0755481993,0.05063086029,4.55E-06,0.28,3047.5,0
Medi_Nanobot,0.2240520033,0.09056946296,5.15E-05,0.46,10451,0
Megabotus,0.06042230968,0.04462662659,2.00E-05,0.44,17835.5,0
MemeInvestor_bot,0.5195296932,0.3250886536,0.02436647173,0.08,8,1
MemePolice_bot,0.9027051609,0.8028532101,0.001449401397,1,7,1
Mindless_Robot,0.08317454057,0.05152921362,5.54E-06,0.58,3882.5,0
Mini_Robot_Ninja,0.08561026246,0.05670864514,6.95E-06,0.06,1100.5,0
MisterRobotCowboy,0.08154011262,0.05264556596,8.13E-06,0.56,12215,0
Mombot2000,0.2408326242,0.116916324,1.87E-05,0.72,10071,0
Monsieur_Saboteur,0.132535284,0.08896950802,6.38E-06,0.12,4623,0
Moofthebot,0.1003291647,0.0608658736,2.32E-05,0.4,18190,0
Moorbote,0.08376165078,0.05337637942,3.01E-05,0.52,18473.5,0
MorbotheDiddlyDo,0.08644501209,0.05413272204,2.34E-05,0.54,2348,0
MrRibbotron,0.2015422934,0.08613564604,1.94E-05,0.44,12680,0
MrRobotSlug,0.04423899528,0.03538059017,5.83E-06,0.3,7848,0
MrRobotsBitch,0.1497316146,0.07872300608,2.74E-05,0.14,12855,0
Mr_Robot0_beepbzboop,0.08386649045,0.05158112749,1.91E-05,0.16,13413.5,0
Mr_RobotNick,0.06021207245,0.0425009114,2.62E-05,0.54,11294.5,0
Mr_Robot_Aptoide,0.08134801327,0.05218706048,6.35E-06,0.36,7883.5,0
Mr_Robot_Overlord,0.07227282393,0.04660922479,5.05E-06,0.52,13588.5,0
MyRobotDidIt,0.07512152791,0.04937505742,2.06E-05,0.62,18750,0
NOT_a_sex_robot,0.04825874774,0.03879820127,0.0002354558897,0.38,10441.5,0
NSA_Chatbot,0.1170522852,0.06524574088,0.0002285850131,0.34,12337,0
NaM_bot,0.4650675421,0.2557793195,6.20E-05,0,11.5,1
Nabotna,0.1304987177,0.07068084221,1.61E-05,0.24,12520.5,0
Nambot,0.2313711299,0.1031811618,7.22E-05,0.24,9668,0
Narraboth,0.08002450848,0.05286358137,9.87E-06,0.68,21996,0
NateNMaxsRobot,0.06458084977,0.05052223666,8.33E-05,0.58,14662.5,0
NaturalRobotics,0.1210076824,0.06763446758,1.53E-05,0.16,7187.5,0
Nerobot1,0.111766054,0.06754311089,5.16E-06,0.3,1549,0
Nibba_Fabbot,0.09001385709,0.05886159577,1.55E-05,0.36,2650.5,0
Nickbot606,0.07161851928,0.04630374432,1.50E-05,0.42,11306,0
Nickbotic,0.1638368033,0.08025455052,7.14E-05,0.02,6289,0
NicoRosbot,0.2689150976,0.1091884749,9.57E-06,0.68,7564.5,0
NicoRosbott,0.0912962023,0.05427180178,0.0001258694432,0.58,3681.5,0
NklbckWasSabotaged,0.1005612372,0.0593920889,1.59E-05,0.26,11305,0
Noble-saw-Robot,0.07185109667,0.04851141491,1.90E-05,0.14,9785,0
Noboty,0.09405378173,0.05850856437,1.29E-05,0.46,54227.5,0
Not-A-Robot-Beep,0.09479340331,0.05540856666,2.29E-05,0.56,8410,0
NotARobotSpider,0.07113534746,0.04840634702,2.98E-05,0.52,3055.5,0
NotObviouslyARobot,0.1573574233,0.07186091496,0.0003931497586,0.26,7705,0
NotSureNotRobot,0.06503308215,0.04342805545,5.20E-05,0.26,5376,0
Not_a_robot_serious,0.04828889354,0.03627393394,3.61E-05,0.48,11864.5,0
Notaroboticfish,0.09510682204,0.05652729709,2.66E-05,0.28,4359,0
NuclearRobotHamster,0.221143094,0.09738482092,2.21E-05,0.32,4826,0
Number9Robotic,0.2557977713,0.1108067441,3.62E-05,0.62,698,0
OGInkbot,0.05789644218,0.04413027327,9.34E-06,0.28,1636,0
Okabot,0.8378735747,0.4812956845,1.31E-05,0,16.5,1
OldDirtyRobot,0.0750801659,0.04846615911,1.22E-05,0.6,16222.5,0
Old_Man_Robot,0.1156929457,0.06262270448,2.70E-05,0.32,6434.5,0
One_Bad_Robot,0.120176867,0.07069381866,0.0004176830287,0.16,2628,0
OriginalSweeperbot,0.1220464868,0.06972276476,5.14E-05,0.46,831,0
OscarCookeAbbott,0.05056012399,0.03612557123,8.16E-05,0.86,26393.5,0
OurRobotOverlord,0.028,0.028,0.0005895461674,1,33.5,1
ParadigmSaboteur,0.1072697359,0.06020269265,3.83E-05,0.7,16687.5,0
Petebot196,0.02384607255,0.02129103288,1.22E-05,0.48,128.5,0
Phlobot,0.05431656684,0.04084644476,4.83E-05,0.36,12617,0
PhlydiaFeatherbottom,0.05132779243,0.03918946961,9.22E-06,0.56,2478,0
Photoshopbattlesbot,0.383637837,0.1192800666,0.0008496321093,1,153.5,1
PirateRobotNinjaofDe,0.1820803846,0.08076317444,4.47E-05,0.24,11381.5,0
Plamobot,0.06029534225,0.04533673805,1.73E-05,0.6,18866,0
Plubot,0.181137151,0.09606032261,1.38E-05,0.2,3206,0
PoliceRobot,0.04879128981,0.03894546937,1.66E-05,0.58,8576,0
PrinceRobotIX,0.05509121414,0.04188585341,7.75E-06,0.84,366,0
Printrbot_playa,0.1214235093,0.06788992914,2.75E-05,0.64,846,0
ProfDoctorMrSaibot,0.09248042458,0.05850121879,2.15E-05,0.26,29568,0
PukeRobot,0.2396018786,0.1141180859,2.12E-05,0.26,2495.5,0
PunkRockRobot,0.1707995535,0.08138616049,3.53E-05,0,8556.5,0
Purgebot,0.1353167123,0.08416624684,7.97E-05,0.02,226,0
PyotrRobotkin,0.1752215542,0.07319022735,4.38E-05,0.34,10686,0
R00bot,0.1049156768,0.06656935867,0.0001755106482,0.18,116.5,0
R_O_BTheRobot,0.07042682941,0.04761294975,1.86E-05,0.7,25827,0
Radbot13,0.0904035527,0.05916544097,0.0001067338378,0.6,714.5,0
Ramabbott44,0.04464000115,0.0389361563,1.87E-05,0.56,98077,0
Rbot_ov3rl04d,0.1436658476,0.1074888028,4.13E-06,0.3888888889,6214.5,0
Real_human_not_a_bot,0.1204905958,0.07101883393,2.50E-05,0.18,2515,0
Recyclebot,0.1213527579,0.06754280739,1.13E-05,0.16,7270.5,0
RedditSilverRobot,0.863406643,0.3239910844,9.56E-06,0,17.5,1
Replaced_by_Robots,0.0684637573,0.04595605217,2.66E-05,0.44,1935.5,0
Replacedbyrobots88,0.08490455253,0.05461667855,8.94E-06,0.56,10403.5,0
Retrobot1234567,0.1635376912,0.08021507729,4.95E-06,0.68,9456,0
Rlhealbot,0.04972332161,0.03800492723,5.36E-06,0.72,248,0
Roastie_haiku_bot,0.06772301632,0.04670031509,0.0002404701673,0.36,18115,0
Robbotlove,0.05057498304,0.03925785713,0.0002198420655,0.4,673.5,0
Robot-Heavy,0.09991079199,0.06243556695,5.03E-06,0.72,1859,0
Robot-esus,0.135477198,0.06958306262,1.79E-05,0.58,586,0
Robot3RK,0.368755082,0.1673190227,2.05E-05,0.48,3031,0
RobotApocalypse,0.123683798,0.06291912318,4.31E-05,0.04,14564.5,0
RobotAutomaton,0.106806628,0.05770594844,8.85E-06,0.12,3272.5,0
RobotCaesar,0.1288652398,0.0702069939,0.0001390414483,0.06,4276,0
RobotCatCo,0.1759732961,0.08180971808,5.86E-06,0.24,14088,0
RobotCockRock,0.07376064008,0.04803596216,0.0002436041725,0.18,5004,0
RobotCounselor,0.06008127795,0.04391731527,2.10E-05,0.24,4500,0
RobotDeathQueen,0.09948462109,0.06207645501,5.85E-05,0.3,10339,0
RobotDeathSquad,0.1254269912,0.06949625596,1.03E-05,0.28,5901,0
RobotFK,0.03584308605,0.03051339549,1.47E-05,0.62,4799,0
RobotFolkSinger,0.1061857875,0.05839004225,1.73E-05,0.4,6274,0
RobotHierarchy,0.07378626138,0.05395744861,1.04E-05,0.68,28005,0
RobotJohnny,0.06632515771,0.04647057432,7.72E-06,0.3,2110.5,0
RobotKitten,0.1215067569,0.05700534034,1.53E-05,0.08,8719.5,0
RobotMag7,0.06568348519,0.04700571144,6.09E-06,0.7,1678.5,0
RobotMalcolmX,0.04987825894,0.03916292259,8.48E-06,0.38,262.5,0
RobotMorty,0.1055331346,0.06506837432,6.99E-06,0.64,14964,0
RobotNinja010,0.07512013077,0.04672186782,8.28E-06,0.76,18476.5,0
RobotOfFleshAndBlood,0.1171567846,0.06539112628,7.79E-06,0.52,12935,0
RobotOrgy,0.1001858717,0.05635081463,2.13E-05,0.1,3721.5,0
RobotPigOverlord,0.1890474766,0.08828390585,2.10E-05,0.3,12341,0
RobotPirateGhost,0.08615390066,0.05449589293,5.10E-05,0.84,6684,0
RobotPirateMoses,0.1913493247,0.09347938586,1.40E-05,0.32,5096,0
RobotPixie,0.1191135876,0.06770203866,3.14E-05,0.38,4533.5,0
RobotRockism,0.05512052539,0.04159063393,1.77E-05,0.54,3190.5,0
RobotSlaps,0.1336330525,0.07014504733,3.33E-05,0.18,13712,0
RobotSnake,0.05442881426,0.03875007585,1.81E-05,0.78,1203.5,0
RobotSquid_,0.0693366627,0.0471446216,1.73E-05,0.24,8105.5,0
RobotUnicornZombie,0.1032089839,0.05813097087,2.11E-05,0.2,6963.5,0
RobotUprisingLeader,0.1926570722,0.1143733989,4.85E-06,0.06,15578.5,0
RobotVandal,0.06788562303,0.04712304864,7.00E-05,0.38,12567,0
RobotVersionOfMe,0.07061383377,0.04451149832,4.03E-05,0.74,1209.5,0
RobotWantsKitty,0.1825241796,0.080720818,4.87E-05,0.08,1684.5,0
RobotWeatherman,0.06520016962,0.04583160502,2.07E-05,0.6,4473,0
Robot_Basilisk,0.1740711094,0.08002712286,0.0003000840235,0.08,7990,0
Robot_Embryo,0.09896940693,0.0536426664,3.53E-05,0.24,10991,0
Robot_Nose,0.1309764594,0.07034640453,8.83E-05,0.06,2527.5,0
Robot_Spider,0.1054525834,0.06413054637,7.91E-05,0.34,2729,0
Robot_Warrior,0.1607045887,0.07672538741,0.00019077125,0.12,2642,0
Robot_beepbeep,0.06777288178,0.04406771994,1.64E-05,0.62,857,0
Robot_ninja_pirate,0.1262724006,0.06982927347,2.31E-05,0.36,4859.5,0
Robotcombat144,0.1493843366,0.0798155037,2.26E-05,0.46,2740,0
Robotdavidbowie,0.08477600026,0.04747824224,3.19E-05,0.6,15246,0
Robotech87,0.07518821831,0.04943507133,8.04E-06,0.8,24182,0
Robotech_Master,0.1879123215,0.08391114451,1.45E-05,0.14,23074.5,0
Robotecho,0.1566133172,0.08009615608,3.89E-05,0.28,10016,0
Robotfoxman,0.05477680196,0.03840578418,8.20E-05,0.72,20372.5,0
Robotgirl69,0.1145824922,0.06869569145,3.43E-05,0.46,14484,0
Robotguy39,0.04573182091,0.03457312074,0.0001950192094,0.62,386.5,0
Robothypejuice,0.1481265779,0.06886398243,0.0001936603353,0.4,3402.5,0
RoboticAnatomy,0.08749909554,0.05810054971,1.80E-05,0.4,7103.5,0
RoboticAquatics,0.09380912444,0.06015628755,1.07E-05,0.28,3886.5,0
RoboticChicken,0.05781690093,0.04236461022,3.53E-05,0.06,10554.5,0
RoboticGamer123,0.1619975294,0.09298670709,3.21E-06,0.68,6992,0
RoboticGreg,0.2284587213,0.1058732221,9.63E-06,0.46,12381.5,0
RoboticKeyboard,0.08906605532,0.05702895378,9.37E-06,0.34,11120,0
RoboticSausage52,0.07084576319,0.04670906454,1.83E-05,0.32,9819.5,0
RoboticSchizophrenic,0.07779415931,0.05277139249,1.11E-05,0.7,5141.5,0
RoboticUnicorn,0.1306047296,0.07111641363,1.60E-05,0.04,13442,0
Robotic_cock,0.1249316763,0.07033590754,5.60E-05,0.36,3803,0
Robotick1,0.1641259422,0.085162578,1.47E-05,0.5,14440,0
Roboticpearl,0.09103797116,0.05952516283,1.86E-05,0.58,3845.5,0
Roboticsammy,0.08198940218,0.05046634683,5.29E-05,0.1,12050.5,0
Roboticus_Prime,0.0966935516,0.05720453621,5.24E-05,0.06,13304.5,0
Roboticways,0.1160531895,0.06906618983,7.92E-06,0.36,14398.5,0
Robotigan,0.1243160545,0.06888385437,0.0001572574304,0.06,3019,0
Robotimus,0.06957807042,0.04664119316,1.77E-05,0.6,15874.5,0
Robotkio,0.2133891569,0.09280842386,2.10E-05,0.2,21446.5,0
Robotlollipops,0.08940019089,0.05474652446,7.91E-05,0.9,4564.5,0
Robotman1974,0.08275694544,0.05229492,9.07E-05,0.52,6004.5,0
Robotmassacre538,0.1407967557,0.06960168216,9.18E-06,0.24,18230.5,0
Roboto420,0.04794008253,0.03749533902,1.66E-05,0.86,30508.5,0
Robotobot,0.2314473972,0.1092164305,1.72E-05,0.4,15757,0
RobotronVR,0.07479376031,0.05016184009,0.0001081864702,0.58,11672.5,0
RobotsAndCoffee,0.1027744087,0.05957120133,2.07E-05,0.58,2180,0
RobotsAndLasers,0.07764030465,0.05054307183,1.35E-05,0.06,20061.5,0
RobotsSuck28,0.09761732696,0.05595973728,9.15E-06,0.44,6088.5,0
Robots_Eat_Children,0.08838100517,0.05277565971,8.22E-05,0.38,4582,0
Robots_Never_Die,0.1275319768,0.06931300306,0.0004156932516,0.36,4579,0
Robotsadog,0.1117068909,0.06017413835,1.57E-05,0.64,18339.5,0
Robotsaur,0.1149026897,0.06358677307,0.0001593793132,0.78,20420,0
Robotshavenohearts,0.09858194299,0.05497263591,3.18E-05,0.72,18318,0
Roccobot,0.06630657282,0.04394259863,3.20E-05,0.42,9255,0
RockHickenbottom,0.1148903569,0.06324005014,5.50E-05,0.52,3348.5,0
RockemChalkemRobot,0.05221333302,0.03968312645,0.0001138174368,0.62,5570,0
Rodney_Copperbottom,0.09440194281,0.05674780267,6.25E-06,0.62,14222,0
Roebot56,0.2653766732,0.1045137882,0.0001455794791,0.12,10876.5,0
Roflbot_FPV,0.04736428034,0.03842418299,2.11E-05,0.82,4001,0
Romboteryx,0.08826095445,0.05590646924,0.0001936663361,0.2,9778.5,0
RoninRobot,0.06522958515,0.04445091323,8.31E-05,0.48,15729,0
Rorbotron,0.1378490598,0.07832228124,2.85E-05,0.32,8547.5,0
Rowbot19,0.06479810797,0.04479270859,2.47E-05,0.42,4804.5,0
Rufuszombot,0.1212407424,0.0726250531,7.32E-06,0.38,6553.5,0
RussianSkeletonRobot,0.1478705782,0.07497619853,3.66E-05,0.22,13410,0
Russian_repost_bot,0.06750200119,0.04665631943,0.0003972226194,0.84,18226.5,0
Russianbot2000,0.05314059058,0.03884896931,8.23E-05,0.3,16225,0
RusskayaRobot,0.2470099595,0.1126419476,5.16E-05,0.16,14040,0
Rustybot,0.1192391125,0.0597558843,0.000115601858,0.46,9073.5,0
SPambot67,0.1368840329,0.07263988958,0.0001022392439,0.5,368.5,0
Sabot15,0.1094612915,0.05875007022,4.27E-05,0.62,26298.5,0
SabotadorFabuloso,0.1187463608,0.06183209348,5.80E-06,0.1,1357.5,0
Sabotage00,0.2524574964,0.1036240006,2.03E-05,0.28,9036.5,0
Sabotake,0.06475615381,0.05191149341,8.64E-06,0.86,20797.5,0
Sabots,0.1855028523,0.08710122802,1.92E-05,0.56,22142.5,0
Sabotskij,0.2547818587,0.1123934452,3.06E-05,0.28,6757.5,0
Sabotstruck,0.2403617024,0.09479909146,1.59E-05,0.34,1670,0
SadGhost_bot,0.3731647957,0.3221362777,0.001074737227,0,6104.5,1
SadRobotz,0.05745524174,0.04441245221,7.44E-06,0.34,3923.5,0
Sajbotage,0.03901791678,0.03225376036,4.74E-05,0.36,6601,0
Sambothebassist,0.1444080542,0.06443960948,2.67E-05,0.42,20596,0
Sarfbot,0.0744149535,0.04800790082,7.14E-06,0.26,2708.5,0
Sbotkin,0.05326047388,0.0393477339,2.00E-05,0.14,15093,0
Seabottom,0.08142258359,0.05244541269,9.96E-06,0.88,730.5,0
Seghboth001,0.03798967609,0.03439584813,1.81E-05,0.38,4614.5,0
Servebotfrank,0.1600824712,0.08096104603,0.0001028152882,0.18,17353,0
Sgt_Soggybottoms,0.06701332732,0.0434572739,2.58E-05,0.62,26674,0
Shariablue_Sorosbots,0.04538059624,0.03694748691,1.85E-05,0.6,5152.5,0
Shazbot5,0.184209342,0.09760123801,1.38E-05,0.34,17437.5,0
ShazbotSimulator2012,0.1586760219,0.0748230624,2.60E-05,0.1,5135.5,0
Shazbot_2017,0.04244019245,0.03658506146,5.18E-05,0.7,15215.5,0
Sicklerobotics2,0.04186172302,0.03706609737,6.30E-06,0.98,132.5,0
SilentSaboteur,0.04854288253,0.03781517113,8.30E-05,0.24,16605,0
Silverinkbottle,0.1377094308,0.07283898404,1.98E-05,0.54,4981,0
Skazbot,0.0852063884,0.0581063006,8.42E-06,0.18,392,0
SlamRobot658,0.06820464176,0.04954617667,1.73E-05,0.72,13932,0
Slayyybot123,0.06861985027,0.05228490372,3.39E-05,0.34,964,0
Slobotic,0.1582689717,0.07679469275,0.0001559653632,0.24,2365,0
Soapbottles,0.1086471642,0.05572488792,3.42E-05,0.48,582,0
SobiTheRobot,0.1168890632,0.06521666375,0.000124728715,0.18,11829,0
Sol0botmate,0.2064905442,0.1106813554,1.42E-05,0.24,5741,0
Soulebot,0.09898967554,0.05920856295,7.58E-05,0.54,1620,0
Space-Robot,0.2258118644,0.1106833452,1.25E-05,0.52,16108,0
Stickbot,0.09224086257,0.06106964363,3.36E-05,0.7,16904.5,0
StickyRobot,0.1118334473,0.06447979293,0.0001146668012,0.14,4274.5,0
Stopplebots,0.07275155571,0.05051756453,2.42E-05,0.1,3819.5,0
Stupid_question_bot,0.07663345542,0.04746152608,0.0003248546276,0.18,2623,0
SubSaibot47,0.03277222608,0.02948226688,2.77E-05,0.38,3410,0
SubotaiKhan,0.1305262111,0.06717743641,8.17E-05,0.34,2562,0
Subotai_Super_Shorty,0.05797253707,0.0457541153,2.91E-05,0.36,2558.5,0
SugarPuffFoggybottom,0.09196791058,0.0572477551,3.85E-05,0.46,18228,0
SumoRoboto,0.1492925428,0.08635529741,2.91E-05,0.54,429.5,0
Sundaydinobot1,0.183105285,0.09092945204,0.0001551133103,0.7,7702,0
SuperFightingRobot07,0.1396903594,0.07465787149,1.34E-05,0.52,1973,0
SuspiciousOfRobots,0.04435341729,0.03557810034,2.15E-05,0.32,3172.5,0
SwankyRobot,0.07696554594,0.04855791032,1.28E-05,0.28,16275,0
SwapNSalebot,0.7552936506,0.2183191834,0.0009380335066,1,12,1
Swarm-bot,0.04859393023,0.03787480853,9.28E-06,0.8,5106,0
Swatbot1007,0.100335241,0.05440540394,5.50E-05,0.1,3535,0
SwissCheeseSaboteur,0.03959442304,0.03223534426,0.0001178508715,0.66,591,0
Swollbot,0.08568131651,0.0597751972,5.73E-06,0.28,2733,0
TalbotFarwell,0.1055606991,0.0556564358,0.000201980214,0.14,11467.5,0
Tankbot85,0.1394462914,0.06978900252,0.0001016919507,0.3,22882,0
Tarlcabot18,0.08710697813,0.05595948105,1.82E-05,0.82,2566,0
Taskerbot,0.8652690147,0.7279229243,6.53E-05,1,3448,1
TeeVeeLobotomy,0.1715640454,0.08291512435,6.26E-06,0.12,3226,0
TheDancingRobot,0.1263221433,0.0621921305,1.93E-05,0.46,10825,0
TheDarkRobotix,0.09677960981,0.06129569743,3.57E-05,0.62,26688,0
TheRobot80,0.1447841696,0.0869351998,1.93E-05,0.36,2018,0
TheRoboteer,0.1408713862,0.07759778,1.43E-05,0.48,827,0
TheRoboticsGuy,0.08811137546,0.05341730647,5.58E-05,0.34,8223.5,0
TheSaddestRobot,0.1498165468,0.07754756863,2.04E-05,0.42,13560.5,0
TheSinningRobot,0.133279808,0.06852769466,9.95E-05,0.14,19561.5,0
TheThoughtRobot,0.06145672955,0.04602598482,8.53E-06,0.46,817,0
The_Drewbot,0.06636251372,0.04487360969,1.00E-05,0.76,32873.5,0
The_Killbot,0.1590127902,0.07632464483,1.07E-05,0.32,16153,0
Theyarebothwrong,0.11084745,0.06096082752,1.14E-05,0.04,3382,0
Thizzlebot,0.1057808634,0.06338626112,5.38E-05,0.52,21633,0
ThoseTwoRobots,0.1135573598,0.06153632911,1.56E-05,0.42,7114,0
Thrust-bot,0.05112580936,0.03962132406,3.01E-05,0.92,8366,0
Timbots,0.08886208842,0.05460388152,4.21E-05,0.74,27466,0
Timmy_tha_Toolbot,0.09788808404,0.05542232334,6.87E-05,0.5,1273.5,0
TinFoilRobotProphet,0.05639139709,0.04109818891,9.35E-05,0.58,12584.5,0
Tinyrobotzlazerbeamz,0.07923097466,0.05149927616,5.38E-06,0.44,14399,0
Tombot3000,0.2516311311,0.1035072092,0.0001286167017,0.14,5462.5,0
Tommy_Roboto,0.03736590394,0.03044922008,2.20E-05,0.5,3171,0
Tony_AbbottPBUH,0.05455056317,0.04044203565,0.000131494514,0.38,2205.5,0
Tophbot,0.0848917141,0.05328499961,4.22E-05,0.46,14174.5,0
Treybotz,0.07399536094,0.05567561294,0.0001202874389,0.68,1235,0
Trollfailbot,0.06917238856,0.04594633608,1.70E-05,0.46,7345,0
Trubothedwarf,0.2068382428,0.1009468171,0.0001573544314,0.04,1919,0
Trumbot,0.08267184958,0.05050720375,8.94E-06,0.5,13261,0
Turboteg90,0.05411937783,0.03613389088,6.35E-05,0.82,1192,0
Tybot3k,0.07261702824,0.04457066391,4.12E-05,0.5,10836,0
USPSbot,0.7828988092,0.4112879889,0.0002562407433,1,16,1
Ultimate-Hoe-Robot,0.0762696446,0.05563838849,2.07E-05,0.84,10300,0
UnRobotMe,0.127852941,0.06982183745,7.79E-06,0.46,14436,0
Unbotenator,0.0631831538,0.04367205639,0.0001385164336,0.58,3360,0
Unrobotable,0.02491779709,0.02277318117,0.0003825027923,0.66,65,0
Victor_the_robot,0.04006771208,0.03369306907,4.17E-05,0.7,19143,0
VieuxCabot,0.07025375583,0.05159758824,6.78E-06,0.1,3503.5,0
Wakka_bot,0.06743497266,0.04704821701,1.34E-05,0.28,15497.5,0
Whyd0Iboth3r,0.1166922172,0.06421994326,1.94E-05,0.38,6074,0
Whyevenbotherbeing,0.1071452671,0.0631760972,2.81E-05,0.52,12385,0
Willy-Fisterbottom,0.0934404748,0.06025388965,4.91E-06,0.1,960.5,0
WritingPromptsRobot,0.8955971843,0.8554789698,5.50E-06,0.94,7625.5,1
Wrobot_rock,0.1546444462,0.0746660271,3.20E-05,0.3,12590,0
Wuibot,0.06113780207,0.046417753,9.31E-05,0.5,742.5,0
Wukong_bot,0.1037175711,0.06504280442,1.21E-05,0.54,1989,0
Wutbot1,0.3555288091,0.1047114625,0.0002136551264,1,1.5,1
Xansaibot,0.0921492027,0.05903346389,0.0001043795575,0.36,8530.5,0
YTARbot,0.9781644305,0.7250292,0.0001754305944,0.98,10.5,1
Yankeebot,0.4172861645,0.1873967232,0.0005334129897,1,18705,1
YoutubeTaibot,0.0559414554,0.04310105612,4.32E-06,0.48,299.5,0
Zanchbot,0.08235511933,0.05428790554,9.63E-05,0.72,3904.5,0
ZoobotXBL,0.05896981445,0.04372368013,1.24E-05,0.36,8528,0
Zozbot,0.3336,0.3336,7.23E-05,0,1,1
_Coffeebot,0.1254263116,0.06393152881,0.0001070828907,0.18,5487,0
_Sweetiebot,0.9196921757,0.5656674103,0.0001157415445,1,0,1
_qt314bot,0.06239444633,0.0443483964,3.16E-05,0.42,5638.5,0
_rabbott_,0.05711761976,0.04389151541,1.94E-05,0.52,10150,0
_whatbot_,0.6361892003,0.1826185038,4.09E-05,0,72,1
a-bottle-of-vokda,0.0560392446,0.039738917,7.61E-06,0.7,15079.5,0
a-coca-cola-bottle,0.04134041074,0.03480896906,1.52E-05,0.5,7329.5,0
a-mirror-bot,0.9772093023,0.7063844322,0.0003529602779,1,33,1
abbott_costello,0.1321940474,0.06985951416,6.80E-05,0.16,8956.5,0
abominabot,0.1074180734,0.06446409615,5.84E-06,0.04,12588.5,0
abovetheinfluencebot,0.1438478869,0.07542545086,3.93E-07,0.2127659574,2967,0
acadiawaterbottle,0.07368798603,0.05503867648,2.87E-05,0.68,2726,0
ackchyually_bot,1,1,0.00115524133,0,4,1
adbotscanner,0.05115778303,0.03840896463,3.13E-05,0.82,1248.5,0
adobotrash,0.04533979596,0.03662438184,0.0001458784949,0.62,19064.5,0
aimbotcfg,0.2248768566,0.09629591721,0.000189138173,0.36,10786,0
aleashedbottom,0.1468695821,0.08287062993,1.07E-05,0.84,98789,0
allkpop_bot,0.3617563746,0.1221180945,2.80E-05,1,580,1
alltherobots,0.08075766248,0.05124022073,2.03E-05,0.28,3239.5,0
alternate-source-bot,0.4379075471,0.1162727159,5.66E-06,1,15,1
ama_compiler_bot,0.564247262,0.2088492284,4.07E-05,1,23694.5,1
amazon-converter-bot,0.6314972182,0.3042752114,0.0002930110993,1,223.5,1
anRoboticus,0.08185033492,0.05225862952,1.46E-05,0.64,5698,0
anadvancedrobot,0.1262990503,0.06991719244,3.79E-05,0.28,21151.5,0
androbot,0.1771528721,0.08124717822,1.76E-05,0.48,16373,0
andtherobots,0.08975517318,0.05586351967,1.75E-05,0.82,1200.5,0
anonymous-bot,0.1290306491,0.06677890459,0.0001019249547,0.72,4426.5,0
another_busted_robot,0.141245721,0.07048992125,2.08E-05,0.34,6651.5,0
anrbot,0.8592251944,0.4572158754,1.29E-05,0,338.5,1
anti-gif-bot,0.9005650054,0.4799880972,0.0007942307081,1,29,1
anti_troll_bot,0.395395743,0.375715357,0.001216781855,0.66,37351.5,1
anti_vigilantism_bot,0.08696903018,0.05232111162,5.62E-06,0.14,3670,0
anton_bot,0.9898790698,0.9697987291,9.85E-05,1,127,1
aptbot,0.9053692143,0.7642049067,4.06E-05,0.98,21.5,1
aquinasbot,0.2018217276,0.1056436321,4.87E-05,0.14,6032,0
arbeitic_arbotic,0.100773199,0.06221503924,1.48E-05,0.54,4122,0
arcticrobot,0.1270352869,0.06888572272,0.0002269972352,0.26,1185.5,0
arealhumannotabot,0.1700468089,0.07845071143,5.45E-05,0.14,13824.5,0
arobothuman,0.04120582951,0.03382896089,9.21E-05,0.74,27149,0
art_moderator_bot,0.9900068058,0.8551410931,0.0002946896918,1,12,1
artisanbottledwater,0.0452529887,0.03993496545,1.29E-05,0.24,123,0
asmr_bot,0.6188532919,0.4714120315,1.99E-05,0.98,27339.5,1
autistic_robot,0.08052763281,0.05112293907,1.16E-05,0.42,11187,0
automated_bot,0.09075771632,0.05313278709,4.14E-05,0.26,25703.5,0
ayebot,0.02900739186,0.0277308432,1.66E-05,0.64,1181,0
babyrobotman,0.04875238028,0.03899358544,3.79E-05,0.22,3997,0
babytherobot333,0.05826077412,0.05013236827,1.19E-05,0.62,1124.5,0
bad-r0bot,0.1198298739,0.07718168088,0.0001247875492,0.36,15691.5,0
bapcs_data_bot,0.4886512633,0.127607751,1.89E-05,1,18,1
battlebotsarecool,0.07186560081,0.04957199503,1.19E-05,0.66,460,0
battlebottle_,0.2017112975,0.09074292185,2.15E-05,0.16,920.5,0
bbothered,0.1380043964,0.0710914144,1.22E-05,0.64,20788.5,0
be_bo_i_am_robot,0.1276721609,0.06778504936,3.65E-05,0.4,9452,0
beccabot89,0.1478756009,0.07593570273,2.84E-05,0.9,887.5,0
becomingarobot,0.1844445813,0.09351348873,2.07E-05,0.06,1911.5,0
beeglowbot,0.08449893357,0.05300325259,2.00E-05,0.26,10627.5,0
beep-beep-im-a-bot,0.0678257265,0.05354009195,5.74E-06,0.9,41652.5,0
beesinabottle,0.07140102865,0.04979806219,8.25E-05,0.56,1168,0
benabbottnz,0.05545486283,0.04011755308,2.64E-05,0.38,29769.5,0
bezbot77,0.1114811351,0.06295292472,3.92E-05,0.42,3319.5,0
birkbott,0.04178196097,0.03611634459,4.38E-05,0.6,12662.5,0
black-percentage-bot,0.6588602713,0.3930958903,0.0005736313157,0.76,1712.5,1
blazebot4200,0.1199112751,0.068397617,0.0001108974487,0.4,12631,0
blorgbots,0.1639057277,0.08500117634,5.33E-05,0.16,7983.5,0
bluebottle_44,0.1234434902,0.06990794938,8.68E-06,0.38,20212,0
bluemostboth,0.2006652788,0.09080045448,7.16E-06,0.42,5030,0
bobby-b-bot,0.09516725385,0.06932186231,0.0005925013035,0,10,0
bobbybottombracket,0.08211961079,0.05145651899,5.95E-05,0.76,17806.5,0
bobotechnique,0.1213919971,0.07022339429,3.95E-05,0.36,6986,0
bobothegoat,0.1193144175,0.06025655523,2.54E-05,0.2,13684,0
bobothegoldfish,0.1681511917,0.09424996635,6.24E-05,0.28,7476.5,0
bonairebottle,0.09922065809,0.08105185529,4.75E-06,0.09523809524,19958,0
boombotser,0.05449687703,0.04183796458,6.81E-05,0.34,13469,0
bot420,0.1409695005,0.06427799733,4.98E-05,0.36,2371,0
bot4241,0.179892981,0.08198351963,3.31E-05,0.56,16808.5,0
bot4bot,0.7547139267,0.4408342591,0.0001461509681,0.5,1480904,1
bot_bot_bot,0.1270187766,0.07318873077,5.71E-05,0.38,14913,0
bot_not_hot,0.04595106965,0.03657790177,0.0001626270117,0.58,16693,0
bot_yea,0.1428988943,0.07511001385,2.53E-05,0.36,14766.5,0
botabota,0.1136316009,0.06749577807,6.18E-06,0.44,1549.5,0
botania,0.1562414542,0.07427026762,9.24E-05,0.34,5187.5,0
botanicalbbq,0.08876355809,0.0552942586,5.46E-05,0.38,15501,0
botanicalfanatical,0.1523959077,0.08379978867,3.47E-05,0.76,9266,0
botanicalyx,0.08409593516,0.05349304947,1.76E-05,0.58,2370,0
botbotbobot,0.08565115694,0.05189781268,1.51E-05,0.3,11267.5,0
botched_monkey,0.06086902438,0.04419272351,5.08E-06,0.64,5063.5,0
botchedneckjob,0.05334305652,0.04187836503,1.15E-05,0.54,436,0
botcobble,0.9905987284,0.8593197764,0.0005784024524,1,136529,1
botcomking,0.07608510318,0.04841153107,4.12E-05,0.36,15616.5,0
boteekusshump,0.05125615726,0.03890046381,2.49E-05,0.74,3557.5,0
boterkoek3,0.1749910718,0.07739537322,1.59E-05,0.38,28593,0
botetta,0.09674236839,0.06084474712,6.83E-05,0.32,3030,0
botgavim,0.04859430454,0.03743790302,2.96E-05,0.74,17922.5,0
both-shoes-off,0.1377900444,0.07692520176,3.02E-05,0.14,3058.5,0
bothering,0.1036699989,0.05850319127,2.62E-05,0.36,15619,0
bothsidesnow,0.1122735353,0.06751472356,1.11E-05,0.28,5513,0
bothsidesofthemoon,0.118583834,0.0623475698,6.08E-05,0.22,14178,0
bothways1,0.1717148161,0.0777572177,1.61E-05,0.24,9442.5,0
botlaneandchill,0.06051391953,0.0444128786,3.28E-05,0.58,33387,0
botle,0.1212920494,0.07710764524,0.0001321339098,0.1,4810,0
botmaster79,0.09143614863,0.05443857067,3.71E-05,0.74,14359.5,0
botojomomo,0.124879756,0.06763451533,9.21E-05,0.2,12614.5,0
botsquash,0.09264168133,0.05535724822,9.93E-06,0.64,20165,0
bott1111,0.06362809779,0.04603741694,0.0002296211251,0.64,17699.5,0
bott367,0.1082518222,0.06622408078,5.94E-05,0.54,701,0
bottish,0.1769648237,0.0932850937,9.73E-05,0.52,1841.5,0
bottlecandoor,0.1325846344,0.06929628738,1.61E-05,0.06,8939.5,0
bottledry,0.0941709803,0.05985086451,1.61E-05,0.02,4734.5,0
bottledtsunami,0.04176001148,0.03405713929,1.23E-05,0.44,16280.5,0
bottledup21,0.04668987496,0.04045716575,1.78E-05,0.9,781.5,0
bottlefedb16,0.07920243189,0.0524666364,1.52E-05,0.76,21364.5,0
bottleflick,0.1270179804,0.07004159732,7.82E-06,0.22,4297.5,0
bottleglitch,0.1183390161,0.06689091052,5.51E-06,0.4,25775.5,0
bottleofbullets,0.1422779454,0.0660957296,4.81E-05,0.14,20534.5,0
bottleofskooma,0.04724832744,0.03867627084,5.02E-06,0.74,481,0
bottlerocket2,0.1883879039,0.08876028685,4.70E-06,0.32,2551.5,0
bottletothehead,0.1765684678,0.07498229866,3.94E-05,0.08,2671,0
bottom100,0.1676388034,0.08237176552,8.56E-05,0.14,1898.5,0
bottomlessgarbagecan,0.1683935579,0.0914438364,1.32E-05,0.48,10082.5,0
bottomlesspitttt,0.1696461649,0.1085289399,3.72E-06,0.6086956522,13534,0
bottomofleith,0.1185795894,0.06510143063,0.0002342490911,0.08,5420.5,0
bottomofthemap,0.1490359941,0.09539023479,1.15E-05,0.14,9546,0
bottoms4jesus,0.1124800849,0.06601534951,3.49E-05,0.32,11748,0
bottomtext911,0.03310570799,0.02844153167,6.91E-05,0.66,526.5,0
bottomtexted,0.02243381199,0.02100394711,3.57E-05,0.78,701,0
bottyliscious,0.2782566799,0.132534188,2.11E-05,0.28,2558,0
botulizard,0.08512062086,0.05132773814,1.28E-05,0.42,31385.5,0
boturboegt,0.1088678241,0.06196993567,1.09E-05,0.54,13859,0
botwgoty45,0.07405756462,0.05223259047,3.58E-05,0.28,708.5,0
botwwanderer,0.08343259158,0.05164785177,1.51E-05,0.48,11798,0
botxpiol,0.06929971885,0.04791357558,3.91E-05,0.68,5477,0
bravo_delta_bot,0.5133818608,0.1673541151,0.0001122667098,0.96,9259,1
briseisbot,0.1263716159,0.06649610387,6.03E-06,0.2,12025.5,0
brobot_,0.1251583389,0.06817291336,3.69E-05,0.42,5116,0
broknbottle,0.08499486622,0.04636034479,2.29E-05,0.3,17376.5,0
brooklynbotz,0.07801972101,0.04998744555,3.41E-05,0.48,10020,0
bug-robot,0.08310548184,0.05216973708,1.21E-05,0.46,7287,0
bumbot,0.1728703348,0.0873175429,2.31E-05,0.2,1344,0
buttsbot,0.8139232537,0.4574531949,7.21E-06,0,113,1
bwf_reply_bot,0.4697474115,0.1531054567,2.07E-05,1,8682,1
by-accident-bot,1,1,0.0001768634331,0,6,1
cabothief,0.1164147916,0.06957511934,4.50E-05,0.18,16356,0
cah_white_bot,0.2236842393,0.05969407714,7.39E-05,1,2752,0
cantbebothered67836,0.1382035949,0.07352876232,1.32E-05,0.14,12832,0
cantbebothered_tk,0.03715518338,0.03196163353,1.38E-05,0.68,181.5,0
captcha_bot,0.1386799377,0.06920975769,2.42E-05,0.54,1140,0
catbot4,0.0699576725,0.04426683799,1.81E-05,0.2,7598.5,0
catsupbot,0.04976796922,0.0375009316,2.00E-05,0.32,10911,0
chadbot,0.1354171731,0.07270574853,4.12E-05,0.2,5165,0
cheerylittlebottom84,0.144998166,0.0744119771,5.52E-06,0.04,6309,0
cheesebot555,0.164330519,0.07936970931,2.52E-05,0.5,10785.5,0
chrisbot,0.1367410009,0.08130419992,2.41E-05,0.48,29610.5,0
chrisbot5000,0.1147203865,0.06279531093,5.22E-06,0.52,7763.5,0
chuchubott,0.04059855638,0.03401293451,6.54E-05,0.58,5748.5,0
classicrobot45,0.05367066056,0.0442518828,3.22E-05,0.18,7565.5,0
coderbot16,0.1188256582,0.06221435245,3.86E-05,0.18,5100.5,0
cog_bot,0.1878863277,0.08460739005,5.97E-06,0.58,1124,0
coins4sale_bot,0.6892602184,0.1812371555,0.0001269009766,0,8467.5,1
colonrobot,0.06896846081,0.04535984042,0.0001434954928,0.54,10425,0
commenttotitlebot,0.8558626626,0.7377224156,1.32E-05,0,151204,1
compHSbot,0.7925047742,0.696890516,1.37E-05,1,2,1
contestsbot,0.594248204,0.4035385422,9.57E-05,0,13,1
craptionbot,0.1109175285,0.06056670684,2.52E-05,0.5,3290,0
creepy_robot,0.06446540544,0.0450836601,7.60E-05,0.3,10914,0
ctalbot2004,0.09317431195,0.05369972593,1.49E-05,0.4,22446.5,0
cudntbebothered,0.2544666263,0.2037078758,5.92E-07,0.2857142857,5986,0
culturedrobot,0.1847559269,0.07807963025,1.45E-05,0.06,2219,0
cummybotu7040,0.03625476395,0.03158878111,0.0001875905124,0.8,118,0
cutebots,0.08392339943,0.0565608836,1.11E-05,0.5,19103.5,0
cwaterbottom,0.1403353078,0.07017445755,1.43E-05,0.58,9274.5,0
cylonrobot,0.1216896403,0.05938587027,3.12E-05,0.78,18451,0
d3posterbot,0.4035538295,0.1508530838,5.56E-06,0.94,9,1
dadjokes_bot,0.68,0.1515420411,0.0003866796591,0,2,1
dancebot1,0.1380772921,0.07380494426,5.84E-06,0.7,16800.5,0
dankbot2024,0.08579468453,0.05278565681,4.03E-05,0.78,730.5,0
danteleerobotfighter,0.049379381,0.03811582253,1.04E-05,0.26,15012,0
darnbot,0.9304516129,0.6170121087,0.0001147052076,0.02,4,1
dbot2000,0.04565365438,0.03606458722,2.62E-05,0.82,23713.5,0
dboti,0.08617197961,0.05853540573,0.0001424639424,0.1,6299,0
ddbot12,0.1537049573,0.08736433264,4.45E-06,0.16,892.5,0
ddurq_botw,0.2280953396,0.1033753445,5.21E-06,0.16,11805.5,0
deathbotly,0.1492544663,0.07786430877,1.31E-05,0.44,8246.5,0
deck-code-bot,0.9471092477,0.8328934095,0.0001345909512,0.14,14,1
deepmodbot,0.9600786823,0.8644515429,0.0002860886532,1,43.5,1
defnot_hedonismbot,0.08957651523,0.05387524414,1.31E-05,0.44,10512.5,0
defrostedrobot,0.2757510063,0.129966102,0.0001222840708,0.2,661,0
demented_lobotomy,0.1510684779,0.08011378641,7.16E-05,0.12,1163,0
depressedbottom,0.1541831592,0.07775202946,4.34E-06,0.7,559,0
desperaterobots,0.1317858228,0.07005466619,1.80E-05,0.54,5361.5,0
diebesteofbothworlds,0.107758411,0.06581602827,4.35E-06,0.58,16862,0
diet_pepsi_bottle,0.05937150601,0.04339179329,3.82E-05,0.86,21149.5,0
dilbot4,0.1042847993,0.05479653117,8.58E-05,0.18,6896,0
dirty-bot,0.1243100091,0.06955042546,2.10E-05,0.2,3738.5,0
disasterbot,0.06760189491,0.04732806943,0.0001162766361,0.44,2100.5,0
disguisedrussianbot,0.03158778741,0.02917097754,1.28E-05,0.66,13110,0
dkpbot,1,1,0.0008599931201,1,32.5,1
dontbothermeimatwork,0.1834363357,0.08630789132,3.90E-05,0.02,6617,0
doot_bot,0.9885185858,0.9698010603,0.002873893551,0,24.5,1
dota_responses_bot,0.8763727712,0.3740838408,0.00023559457,0,85,1
drleebot,0.2030713815,0.08894247962,2.14E-05,0.22,8030,0
dubitobot,0.1114476043,0.05955813888,3.07E-05,0.12,12675.5,0
ebot522,0.2484441725,0.0957995393,0.0003366459293,0.54,3165,0
echoapollo_bot,0.8267625821,0.2983950208,1.77E-05,0.44,2418,1
elarobot,0.2204330706,0.0916165747,1.63E-05,0.56,8085,0
election_info_bot,0.6370900094,0.3886261097,0.0003441985337,1,30016,1
electrotherobot,0.1648418809,0.08457048385,0.0001190374158,0.2,2998,0
enorelbot123,0.1466838362,0.08290171355,5.52E-06,0.24,16044,0
enslaved_robot_boy,0.1372095547,0.06828709191,2.29E-05,0.12,6688.5,0
eosforumbot,0.5659220172,0.1605758675,3.53E-05,0.56,6290,1
ericlovesrobots,0.09209456894,0.05674619957,7.53E-06,0.7,784.5,0
etch-bot,0.06924190852,0.04506228196,4.52E-06,0.38,6350.5,0
evilrobotdrew1,0.1517740068,0.07872439033,0.0004293135277,0.2,2124,0
evilrobotshane,0.1270740687,0.07154679278,2.28E-05,0.46,1967,0
evstatsbot,0.7353554634,0.5369053609,6.62E-05,1,11342.5,1
failbotron,0.07868833085,0.05226529461,1.87E-05,0.2,5553,0
fake_user_bot,0.05786329767,0.04342805471,7.33E-05,0.38,7616,0
falafelbot,0.1862943087,0.08205237172,3.08E-05,0.18,11961.5,0
famousxrobot,0.0669589328,0.04444172734,2.75E-05,0.24,11913.5,0
fantasywritersbot,0.4531148464,0.4243600803,0.0001243570739,1,308,1
fascismbot3,0.1234584927,0.06891427264,6.24E-06,0.02,3597.5,0
ffuentesbot,0.06286574146,0.04426354626,0.0001574163568,0.58,6874.5,0
finn_the_robot,0.07130934649,0.049237269,2.34E-05,0.62,12731,0
fistfulofbottlecaps,0.07387153742,0.04777539431,1.97E-05,0.3,6605.5,0
floatboth,0.100961572,0.05611863152,8.13E-05,0.24,5925,0
flufferbot01,0.1182539212,0.0658630257,0.0001709588741,0.18,712.5,0
foggybottom,0.06095242376,0.04530571913,0.0001096137868,0.4,6027.5,0
frabotly,0.05981777123,0.04723435659,0.0002105218837,0.54,2830,0
framedata-bot,0.8398879585,0.3752501689,6.90E-05,0,6,1
frazzbot,0.09673970608,0.05533793901,2.51E-05,0.5,14295.5,0
friedkeenanbot,0.4202469102,0.1201746629,0.0007499175091,1,1,1
frontbottombm,0.09889641635,0.05686373499,1.61E-05,0.64,12341.5,0
ftheredsoxbot,0.9232,0.9232,5.00E-06,0,22056.5,1
fukramosbot,1,1,9.08E-06,0,15.5,1
furbot_,0.6842160076,0.2943070014,0.0005936338704,0,13.5,1
futureroboticist,0.09121530661,0.05951462243,1.56E-05,0.28,30227,0
g3istbot,0.2753723862,0.1214990137,1.08E-05,0.54,33028.5,0
gamebot89,0.2263900171,0.1204658886,0.0005375303705,0.22,747.5,0
gamesnewsbot,0.199594156,0.08913120366,2.86E-05,0.04,2286.5,0
garbotalk,0.2945506909,0.1312520594,3.25E-05,0.68,1596.5,0
geckorobot59,0.03904268667,0.03465665434,3.01E-05,0.6,4564,0
generic_panda_bot,0.2273984367,0.1950263254,0.00626252505,0,24.5,0
ghost_of_dongerbot,0.93,0.4314137274,0.0002169592724,0,5,1
gifv-bot,0.9788173913,0.7308614263,0.007939028263,1,5.5,1
gitbotv,0.09561444887,0.06042381163,1.61E-05,0.62,13480.5,0
glass_bottle,0.07604779532,0.05066692419,1.71E-05,0.46,864,0
gloriousrobotbunny,0.1049145881,0.06677361146,9.46E-06,0.14,1317,0
goal_bot,0.688226135,0.2544662106,0.0001089742472,0,12.5,1
gobargiverbot,0.8485823101,0.3420867551,0.0001303658587,0,13.5,1
godbotktt,0.05664236371,0.04003547321,9.77E-05,0.42,15159,0
godbottle,0.209612745,0.09069250911,0.0002243973808,0.14,7930.5,0
goldenrobot125,0.06241918272,0.0441555808,3.53E-05,0.6,826.5,0
goldenrobotdick,0.1232189121,0.06245437199,2.94E-05,0.32,15870,0
goofbot,0.09801288059,0.05759146013,0.000146292937,0.24,729.5,0
graebot,0.05720174045,0.04247304351,3.35E-05,0.22,14297.5,0
granola_robot,0.1809713549,0.08473557906,9.27E-06,0.22,4294,0
grantelbot,0.1826884199,0.08824265709,5.65E-05,0.12,6602,0
grassrobot,0.07417836056,0.05356197008,6.85E-06,0.68,4027.5,0
gray_decoyrobot,0.1017693335,0.05803897491,0.0001800316136,0.46,547,0
greyAbbot,0.4103633616,0.170921959,3.37E-05,0.6,2739,1
grimbotronic,0.09561682011,0.05433204447,0.0001193061156,0.62,1871.5,0
groupbot,0.9067982906,0.4620525853,0.00045622103,0,10,1
grungebot5000,0.1557569263,0.07747475282,0.0002738690577,0.22,10246,0
guitarpedals_bot,0.9949554327,0.9943066496,9.12E-05,1,946.5,1
gwcoep_bot,0.5677497124,0.1087112402,0.0002835029626,1,1,1
gwent_response_bot,0.6947645651,0.1821497406,1.85E-05,0,70,1
gyrobot,0.1771476922,0.07874223057,2.68E-05,0.36,33668.5,0
hacksorskillbot,0.9225661678,0.8977283052,0.0007236099453,1,9,1
harrybothered,0.1693264553,0.07664329772,9.20E-06,0.28,4024,0
hbot208,0.0670087184,0.04609750812,1.22E-05,0.44,32201,0
hbot37,0.06092346158,0.0433466612,9.02E-06,0.28,1818,0
headasplodes_bot,0.5977644128,0.5559751803,0.000647953762,0,25.5,1
hearthsan-bot,0.4796640189,0.1002114531,0.0001200186269,1,1,1
hearthscan-bot,0.7974026946,0.2560776717,0.000969762796,0.04,23.5,1
helloitabot,0.07802113331,0.05003396932,4.52E-06,0.32,7157,0
hellothere-bot,1,1,0.0001141190353,0,7.5,1
henrebotha,0.1812444204,0.08118659371,0.0001325714892,0.36,2459.5,0
herbibot,0.4965942843,0.2086996355,0.0003019013749,0,178,1
hexarobot,0.1961819806,0.09916074467,1.57E-05,0.34,6929,0
highlightsbot,0.575618529,0.196428365,8.26E-05,1,4568.5,1
historymodbot,0.8844434472,0.7994246655,2.63E-05,1,14201,1
hlsbot,0.8869596857,0.7906936685,0.0002805647207,0,577.5,1
hobotimbo,0.08661452804,0.05813548076,9.93E-06,0.54,4832.5,0
hobotnica,0.08778037973,0.05395080961,9.08E-06,0.2,2918.5,0
hobotripin,0.06980729942,0.04983392367,0.004481893152,0.34,176.5,0
hobotrucks,0.1663608161,0.08346874203,4.87E-06,0.94,35141,0
honey-badger-hunbot,0.2218792112,0.09832078425,2.26E-05,0.48,6299.5,0
house_robot,0.1069786291,0.06086418862,4.58E-05,0.64,4607,0
hug-bot,1,1,6.00E-05,0,3,1
humandronebot00100,0.06261820588,0.04403722263,2.43E-05,0.52,12430,0
hwsbot,0.4395364072,0.3549200282,0.006884207628,0.62,357,1
hypnotikrobot,0.1216737767,0.06273126104,5.00E-06,0.26,10289,0
i-amnot-a-robot-,0.07507300458,0.05314201696,3.28E-05,0.46,14546,0
i-make-robots,0.09379535371,0.05096301242,2.77E-05,0.5,16147.5,0
iAmNotARobot_yet,0.04134440573,0.03542167274,1.75E-05,0.62,22945,0
iGrowbot,0.09192202109,0.05670748664,3.43E-05,0.18,10505,0
i_am_a_robot_beep,0.05464701379,0.0392476596,1.15E-05,0.68,10561.5,0
i_am_a_russian_bot,0.06555117419,0.04323901673,2.23E-05,0.86,3061,0
iamlebottle,0.06747634888,0.04685449829,3.13E-05,0.42,8534.5,0
iamnotnotarobot,0.07965299597,0.05475280255,8.74E-05,0.4,10168,0
iamspambot,0.2543428027,0.105212038,2.12E-05,0.14,3388,0
idiom_bot,0.3740307395,0.1172566276,0.008206138191,0,7,1
ilybot,0.794,0.7826070726,1.57E-05,0.04,5,1
image_linker_bot,0.9258657461,0.6598682779,0.0004918887544,0,16,1
imguralbumbot,0.987493617,0.8338706233,0.0128998968,0.34,9,1
indecisiverobot,0.1150939044,0.06409280408,9.24E-06,0.44,7675.5,0
instantrobotwar,0.1671853628,0.08163567037,6.56E-05,0,13193.5,0
ireubot,0.07730418189,0.05151440163,8.94E-06,0.48,4782.5,0
is-it-a-bot,0.08344833326,0.05781716771,1.99E-05,0.24,22852,0
ispeaksbot,0.8554324478,0.425713176,1.55E-05,0.02,36,1
ispeaksbot2,0.7610969861,0.4962380713,5.89E-05,0.02,187,1
iswearimnotabot1,0.1702324969,0.08575982806,1.12E-05,0.74,14319.5,0
iwasnotarobot,0.09591860775,0.05131855796,0.0003108196314,0.36,4171.5,0
jappixslackbot,0.1103770921,0.07198967514,6.68E-05,0.88,9581.5,0
jawnlobotomy,0.06476996143,0.04661696281,1.93E-05,0.14,903.5,0
jbot14,0.07203853238,0.048517468,2.12E-05,0.86,21271,0
jbot1997,0.07641962058,0.05001436197,3.63E-05,0.5,13901,0
jeikaraerobot,0.3168600425,0.1197129714,6.03E-06,0.46,1832,0
jennytheteenagerobot,0.1215185125,0.07364587031,6.06E-05,0.26,26575,0
jerrys_doctor_bot,0.7496458708,0.7245814029,1.47E-05,0.96,13.5,1
jimbot70,0.1929610394,0.08272237799,8.62E-06,0.22,6659.5,0
jimbotriceps,0.06245832793,0.04291879112,5.11E-05,0.52,5380,0
jonnyanonobot,0.1123661022,0.09672086127,4.78E-05,0.28,299.5,0
jsabot,0.03500628542,0.02913060104,2.06E-05,0.54,17618.5,0
junkyard_robot,0.1492515234,0.07648058282,2.08E-05,0.12,7985,0
just_another_bot5,0.03714582688,0.03171561484,7.85E-06,0.18,7130.5,0
kahootcrashbot,0.8647151811,0.4477585027,0.0002406159769,1,10,1
kasubot,0.1426442179,0.06643705523,1.00E-05,0.26,10537.5,0
kavanaughbot,0.1643151015,0.1596421229,0.01360544218,0,7,0
kbotc,0.1243144329,0.06397872141,5.82E-05,0,4821,0
keikothebot,0.07071428113,0.05218909712,1.15E-05,0.26,3566,0
kelvin_klein_bottle,0.1330446936,0.06952680261,3.48E-05,0.1,3835.5,0
kevbot1111,0.07820546506,0.0502950608,3.77E-05,0.12,838.5,0
kevbot19,0.1106068123,0.05852504609,4.08E-05,0.28,7545,0
kevbot215,0.06796286603,0.04674997318,3.35E-05,0.72,283.5,0
kevinonebot,0.07018219081,0.04594181217,0.0001475100307,0.22,4745.5,0
kibothecat31,0.03849303932,0.03308121645,8.81E-05,0.4,1341,0
kickerofbottoms,0.08883213463,0.05495498514,1.38E-05,0.28,9865.5,0
killbot0224,0.1496140857,0.07394176814,0.000184599935,0.02,5713,0
killbot9000,0.1035953941,0.05602398273,1.62E-05,0.38,16333.5,0
killernanorobots,0.2762316302,0.1227868161,1.11E-05,0.14,7943,0
kingmoobot,0.08659180628,0.05350020354,0.0001559104076,0.74,15877,0
kingrobot3rd,0.2081072115,0.09609417062,2.21E-05,0.72,4733,0
ksbot,0.9608,0.9608,0.0002436647173,0,923,1
kuilinbot,0.4309994507,0.09997951983,1.90E-05,0,12,1
lZobot,0.09603483721,0.06096972728,1.21E-05,0.44,2407.5,0
la_saboteur,0.06558931744,0.04453415927,4.49E-06,0.68,20330,0
laserbot,0.1644074201,0.07718731332,3.77E-05,0.22,6919,0
lavaRobot1,0.09834710536,0.05694569438,8.60E-06,0.7,11377,0
lbott,0.1777717844,0.1270979808,1.57E-05,0.1,668,0
ledbottom,0.0520129543,0.04007472431,1.11E-05,0.56,5277,0
legotradebot,0.9368798947,0.5506269281,1.05E-05,0,5569,1
letibott,0.0726248387,0.04809779845,3.12E-05,0.34,8355,0
letskillrobots,0.08058932888,0.0537081761,5.34E-05,0.34,5295,0
lexmarkblenderbottle,0.04738504744,0.03950142879,1.89E-05,0.42,8756,0
link2active_rep_bot,0.7086158321,0.5779625925,3.09E-05,1,150,1
litterrobot,0.133522852,0.07983941329,3.01E-05,0,79490.5,0
littlebrwnrobot,0.07425663264,0.06347745192,8.62E-05,0.5,12789.5,0
livestreamfailsbot,0.7936112274,0.232747204,0.000697934115,1,1548,1
lolTheRobot,0.05053066554,0.04057192042,0.0005204430011,0,67,0
longbottom1,0.08056877261,0.05178020414,1.03E-05,0.82,2660.5,0
lonlyrobot2,0.05918232928,0.04642019019,5.92E-06,0.36,2692.5,0
lord_flamebottom,0.1100273686,0.05783345993,0.000154856773,0.02,1619.5,0
lordekinbote,0.05912269951,0.04285898336,1.43E-05,0.66,1374.5,0
lordrobotmaster,0.07618078593,0.05443065472,2.71E-05,0.22,31267,0
losangelesrobot,0.04332010827,0.03572804106,0.0004111165927,0.76,10471,0
lost_water_bottle,0.1016517246,0.05838313946,1.32E-05,0.52,7753,0
luibot,0.0545292866,0.04020026077,3.85E-05,0.68,25452,0
lvl99nobotsbrah,0.07626797551,0.05113912649,1.73E-05,0.3,5456.5,0
macrobotics,0.1082562504,0.05746338113,3.44E-05,0.32,14645.5,0
mambotomato,0.1115467575,0.05924851962,2.32E-05,0.26,16036,0
manitobot,0.07505805206,0.04690439308,2.30E-05,0.58,19386.5,0
mark-zuckerbot,0.07927573313,0.05630556025,1.42E-05,0.38,20239,0
marvinisarobot69,0.07932409597,0.05355801375,4.50E-05,0.72,8152,0
maybe_I_am_a_bot,0.1161079238,0.06397587364,5.82E-06,0.32,11425,0
maybemaybemaybe_bot,0.945915493,0.5513930526,0.001542638529,1,2,1
mclabsbot1,0.0580914853,0.04129695776,0.0001493611822,0,46.5,0
meabbott,0.04809531395,0.03668157915,3.23E-05,0.66,15300,0
meakbot,0.1022488192,0.05636394227,8.28E-05,0.54,6199,0
mechkbot,0.6693913495,0.4055117437,0.00438519558,0.94,40.5,1
meddling_robot,0.08039802305,0.05126648911,0.0001386408758,0.08,1413,0
mekbots,0.4081247623,0.4016668249,2.88E-05,0.28,15958,1
memearchivingbot,0.1173232481,0.06295855953,1.09E-05,0.04,5110,0
mercymercybothhands,0.3484082731,0.1608563266,1.33E-05,0.34,10283.5,0
messybottom,0.06070084604,0.04819092398,7.65E-06,0.84,14507,0
metric_robot,0.6167983996,0.2105592655,0.0001165528334,0,80.5,1
mew_bot,0.04923235081,0.03896570026,6.71E-06,0.56,20489,0
mezbot,0.06401247289,0.04219289704,4.86E-05,0.1,8565.5,0
mightbeabotidk,0.05358915314,0.04014382059,0.0001509775798,0.26,1811,0
minmaxbot,0.8324377949,0.3413705641,5.65E-05,1,959.5,1
misspellbot,0.6508980182,0.3521536207,0.004883289384,0,6,1
moistrobot,0.1231547019,0.09531223625,6.11E-06,0.48,4459.5,0
monotone__robot,0.17217519,0.07797479642,1.76E-05,0.22,7342.5,0
moonmanrobot,0.04346195725,0.03624482073,1.65E-05,0.36,8288,0
moosebottle10,0.09456006868,0.05826967049,5.57E-06,0.44,8255.5,0
morerobotsplease,0.1126704571,0.06356414931,1.18E-05,0.4,7821,0
morse-bot,0.8438643086,0.5563686114,0.000109165777,0.26,6,1
mostlikelynotarobot,0.09401167844,0.05370019989,0.0001361652065,0.22,6025.5,0
mothybot1,0.09760668997,0.06495829819,1.76E-05,0.24,1592.5,0
moviescommentbot,0.7956301143,0.2773595824,0.0007122304208,1,20,1
mr_dogbot,0.1585144733,0.0822174465,4.34E-05,0.14,3714.5,0
mr_not_a_bot,0.0533648312,0.040307237,3.33E-05,0.12,11617.5,0
mrarrowbot,0.154620871,0.08485549119,3.26E-05,0.52,1844,0
mredinlaw_bot,0.7050320588,0.4328086265,0.01556662516,1,2378,1
mrfauxbot,0.06404636307,0.04559486231,1.75E-05,0.92,26956.5,0
mrfingerbottom_,0.09991954141,0.06335176717,9.20E-06,0.44,7142.5,0
mrhotshotbot,0.1417764239,0.07498679949,1.31E-05,0.66,2934,0
mroboto2016,0.09326273511,0.05712268955,2.32E-05,0.94,26939.5,0
msrobot14,0.1381030143,0.08552743494,1.63E-05,0.68,4294.5,0
muffinbottom7,0.04797928977,0.04105319853,3.40E-05,0.76,11464,0
murderedbybots,0.8094590596,0.540609124,8.75E-06,0.9,168.5,1
mustafabot,0.1835336668,0.08828627765,1.92E-05,0.02,15058.5,0
mybotanyaccount,0.08108198805,0.0534308232,3.21E-05,0.58,14465,0
myerbot5000,0.1695037594,0.07722642315,0.0004022299629,0.58,6821.5,0
myrbot,0.8889697169,0.4239562971,1.92E-05,0,21.5,1
n1njabot,0.1299576909,0.07202051557,6.11E-05,0.9,23438,0
nakedurlrobot,0.05349508087,0.04034495916,2.51E-05,0.62,15839,0
nanobot001,0.1393135817,0.0736821331,0.0001146050367,0.12,476,0
nanobot4,0.08363079886,0.05374797869,3.01E-05,0.68,860.5,0
nautbot,0.4159961288,0.3279171697,0.0002451172641,0.68,607,1
nazbot,0.1465269803,0.07681756546,4.80E-05,0.1,3534,0
nba_odds_bot,1,1,0.004977600796,0,6403.5,1
needamod-bot,0.7948718244,0.5828771496,5.78E-05,1,567,1
negrobotron,0.08031361653,0.05303026567,5.31E-06,0.16,154.5,0
nevillelongbottom90,0.1787107756,0.08347487408,9.74E-06,0.36,540,0
newsbrasilbot,1,1,0.0001890687984,1,1,1
nezbot,0.1290895248,0.07333356164,3.66E-05,0.42,13601,0
nicksabanscokebottle,0.07210364212,0.05177326975,0.0001188359778,0.38,276.5,0
nicktalbot2497,0.06546544703,0.04640676913,7.27E-05,0.78,5810.5,0
nicotoroboto,0.1072164466,0.06066209304,5.14E-06,0.38,14838.5,0
ninja-robot,0.2519849754,0.1017543557,5.40E-05,0.18,6451.5,0
nishbot,0.06206552594,0.04495697631,3.37E-05,0.62,21956.5,0
noreally_bot1252,0.1531015376,0.07350441537,0.0001072634519,0.42,14794.5,0
noreally_bot1336,0.1250053734,0.06412107217,6.36E-05,0.46,15503.5,0
nosferobots,0.1417239161,0.07822556254,4.72E-05,0.2,2410.5,0
not---a---bot,0.1011772335,0.05455540254,4.35E-05,0.36,15292,0
not_a_bot__,0.1176838283,0.06494438355,1.19E-05,0.28,3185.5,0
not_a_bot_really_,0.2456535733,0.1164113989,7.70E-06,0.1,10109,0
not_a_damn_robot,0.1900885462,0.08786403451,6.78E-06,0.22,9340,0
not_to_be_bothered,0.1042110654,0.06412558253,8.89E-06,0.2,10312,0
notabot29,0.1154849497,0.07603226673,8.45E-06,0.18,5221.5,0
notabot714,0.08435044081,0.07693529509,8.08E-06,0.58,728,0
notabot_27,0.07626233651,0.05028510071,4.73E-05,0.34,2993,0
notarobot110101,0.08149038633,0.05285124783,6.43E-06,0.66,7445.5,0
notarobot4932,0.08763058665,0.05530737767,4.43E-05,0.4,8765,0
notbot011011,0.0713863307,0.04759192188,2.52E-05,0.12,1595.5,0
notthatwumbotheother,0.08362214601,0.0557118073,4.87E-05,0.28,2085,0
notuhbot,0.08637735074,0.05207447301,0.0001977879397,0.16,3571,0
nwordcountbot,0.6141673561,0.3228968437,6.42E-05,0,15,1
obotefc,0.08106280251,0.05702528302,0.0001147031025,0.12,950.5,0
obviousRUbot,0.1100702101,0.06877632224,3.82E-05,0.16,21458.5,0
obvious_bot,0.07588595466,0.04805689256,0.0001191960465,0.14,1941.5,0
obviouslynotarobot,0.04059720972,0.03857975873,0.001839723306,0.74,49.5,0
ohandhebotchesit,0.07996962974,0.05447799517,0.0002402656377,0.2,5641.5,0
omnibot5000,0.2525918676,0.1080461542,1.54E-05,0.38,2800,0
onewordeachbot,0.86,0.2653435318,7.72E-05,1,26461.5,1
oofed-bot,0.972,0.6611835954,9.86E-05,0,2,1
oppressorbot,0.1060492256,0.06158509535,6.61E-06,0.14,7779,0
optclinkbot,0.7562745247,0.2844073987,3.16E-05,0.04,8,1
orangebot,0.06715204421,0.04533837891,2.92E-05,0.78,10650.5,0
orboth,0.09541105277,0.05369847387,8.02E-06,0.28,1351,0
ordinarybots,0.9902629545,0.9883509305,0.000134145,0,4,1
osu-bot,0.8578684377,0.474685535,0.0006230684877,1,12,1
ozrobotics,0.08418740947,0.04859914163,0.0001319598947,1,4,0
paradoxplazabot,0.8718636521,0.5495361763,0.0003138928997,1,1048.5,1
paragraphiser_bot,0.7439019619,0.5789394806,1.44E-05,1,4760.5,1
patience_bot,0.9638960254,0.754578329,0.0003041418031,1,719.5,1
patriarchalrobot,0.05963741305,0.04236935235,1.82E-05,0.32,10965,0
paubot3000,0.05146452283,0.0381936356,2.07E-05,0.74,12169.5,0
pearbot856,0.08404718315,0.05055004942,2.58E-05,0.16,5629.5,0
pedal_deals_bot,0.9825833611,0.7948413882,0.002524232633,1,1,1
percyhiggenbottom,0.1300608452,0.06544639031,0.0001413068053,0.52,11911.5,0
perv_bot,0.1147668612,0.06655885001,3.93E-05,0.34,11263.5,0
phcsaucebot,0.9093608906,0.4127480281,0.002072710691,1,391,1
phonebatterylevelbot,0.9846007202,0.8297285773,0.001843589838,1,20,1
photography_bot,0.3312752657,0.1233125267,5.26E-05,1,137,1
piedbot,0.9328,0.5359694767,3.62E-05,0,42349,1
pikachuthunderbottom,0.07802717694,0.04867407288,1.89E-05,0.54,12311,0
pikebot,0.1765441216,0.08035706418,2.73E-05,0.46,10007.5,0
pineapplebottoms_,0.06086006554,0.04245116444,8.34E-06,0.64,36135,0
pivxtipbot,0.6464807956,0.2363682558,9.13E-05,0,6,1
placebotwo,0.06389137843,0.04365064567,0.0001120317632,0.18,11108,0
pobotuga,0.09739322235,0.05372144366,3.06E-05,0.26,4777.5,0
polarbytebot,0.4603514105,0.2266746383,1.51E-05,1,1104,1
polyboticthief,0.07094597007,0.05047553034,5.02E-05,0.42,2722,0
porcubot,0.1455833079,0.07394512636,2.00E-05,0.08,2869,0
porntipsguzzardobot,0.36205482,0.2638217207,2.36E-05,1,20.5,1
powerbottom420,0.08477583884,0.05655961224,6.74E-06,0.72,16630,0
praha_the_bot,0.7771164144,0.3895194457,0.0006769289089,1,1,1
preacherbot9000,0.1244518635,0.07228748348,1.61E-05,0.4,1626,0
princerobot_,0.0997948047,0.06251956737,8.94E-06,0.28,1602,0
probablyabot16,0.07867817595,0.05164854497,1.42E-05,0.66,723,0
professionalrobot,0.142664483,0.07174060046,5.76E-05,0.28,3490.5,0
pumpkinbot,0.03770079082,0.03340343737,6.13E-05,0.2,7751,0
punchybot,0.07898034509,0.05311030024,2.40E-05,0.48,13000,0
pushshift_bot,0.6599333809,0.1339123171,7.87E-06,0.04,6,1
putintrollbot,0.09338837821,0.05130573213,1.93E-05,0.16,6960.5,0
quambothemombo,0.04153346424,0.03386829018,5.73E-05,0.78,425,0
qznc_bot,0.9574608696,0.5638660485,0.0003753951033,1,4,1
r0botchild,0.1099837648,0.06217059228,1.50E-05,0.7,19905,0
r0botdevil,0.1376359745,0.07671068292,0.0001094590098,0.26,14984.5,0
r_tombot,0.8959245279,0.6816909363,0.0002143907658,1,291.5,1
rabidbot,0.06607802883,0.04429517633,3.06E-05,0.26,4092.5,0
rabotat,0.1004228844,0.06274031152,1.86E-05,0.08,7556,0
randirobot,0.04889097962,0.03926620367,5.66E-05,0.78,27567,0
randomized_botanist,0.07677942613,0.04894710446,3.99E-05,0.38,17291,0
randomshazbot,0.03631874404,0.03169672578,2.16E-05,0.64,11808.5,0
randy_mcsoggybotto,0.0906323364,0.05554651001,7.70E-06,0.14,2107.5,0
rankt-bot,0.4707520496,0.2470327874,2.52E-05,1,10631.5,1
rcrobot,0.09265303254,0.05419806185,9.62E-06,0.32,11875.5,0
reallifedatebot,0.1943620419,0.09034234219,5.28E-06,0.52,39913.5,0
realwomantotesnotbot,0.1881583278,0.09413898851,5.76E-06,0.32,16765,0
reboticon,0.1662175906,0.08215739623,5.88E-05,0.16,5504.5,0
recommendation_bot,0.8799231031,0.7943379016,0.0001131895223,0.96,10,1
red-bot,0.082177722,0.05378065163,2.54E-05,0.54,7776.5,0
redrobot5050,0.1175220733,0.05952665557,6.61E-05,0.04,13926.5,0
reidchabot,0.1938948917,0.08757188767,1.28E-05,0.3,9828.5,0
relatablerobot,0.1065972157,0.06053354347,3.05E-05,0.12,10488.5,0
request_bot,0.442689898,0.3428376602,0.0003940855639,1,1,1
resavr_bot,0.629979927,0.1828356503,7.33E-05,0.5,112830.5,1
riserobotrise,0.08373533771,0.05060256389,1.53E-05,0.5,13280,0
robomechabotatron,0.09092768862,0.05648412547,2.72E-05,0.52,695,0
robomoboto,0.06704662856,0.04650686624,0.0001909803787,0.4,1364,0
robot-trash,0.07715706127,0.05073388048,1.71E-05,0.42,1414,0
robot099,0.05832452114,0.04777726269,1.79E-05,0.4,4273,0
robot16,0.1302588323,0.08343080224,1.57E-05,0.38,7935,0
robot381,0.1563515282,0.08049241139,2.20E-05,0.3,11101.5,0
robot65536,0.1586303124,0.07704005635,1.26E-05,0.26,8257.5,0
robot_cook,0.1366782766,0.07737374,0.0001077367947,0.12,3594.5,0
robot_dave,0.1095939766,0.06357928512,1.31E-05,0.28,8196.5,0
robot_lords,0.06248952069,0.04253289865,3.34E-05,0.26,15391.5,0
robot_steve,0.1919336256,0.08725429887,2.82E-05,0.22,8684.5,0
robot_turtle,0.04944360725,0.04003693811,8.04E-06,0.12,2501,0
robotasimov,0.07872731525,0.0530154146,6.27E-06,0.34,3829,0
robotboot,0.1029173062,0.07468615672,5.82E-06,0.32,3271,0
robotco,0.0596040806,0.04285442159,4.58E-05,0.4,9178.5,0
robotdick,0.0673090635,0.04631595811,5.22E-05,0.66,668,0
robotdickens,0.1379954588,0.06815516142,1.44E-05,0.72,231,0
robotease,0.2133880898,0.1140242735,2.41E-05,0.08,15387,0
robotevil,0.1446389482,0.07796202443,6.83E-05,0.14,1807,0
robotguy4,0.09427119809,0.05872714098,3.55E-05,0.42,16299,0
robotgwen,0.100870106,0.06729538056,3.61E-05,0.34,31437.5,0
robothawk,0.08021329719,0.05024777918,3.78E-05,0.52,677.5,0
robothelvete,0.09359673415,0.0594285648,0.000301183047,0.32,1356.5,0
roboticArrow,0.08202262274,0.05048657493,7.38E-05,0.74,601,0
roboticWanderor,0.126981107,0.06535285795,1.46E-05,0.24,14135,0
roboticbees,0.1369269933,0.07020690373,2.34E-05,0.42,16531.5,0
roboticcarlclover,0.08115692741,0.04529191046,1.34E-05,0.48,9838,0
roboticon,0.0989671507,0.05712225694,8.10E-06,0.16,7893,0
roboticrooster,0.139939109,0.07767250074,4.86E-06,0.08,6205,0
robotictuba,0.04672509088,0.03824144104,8.03E-06,0.88,22347.5,0
robotikempire,0.08471941598,0.05415843057,2.06E-05,0.28,6371,0
robotikfakes,0.06266844483,0.05030773794,1.29E-05,0.94,44210,0
robotir,0.1206189569,0.05971395771,4.61E-06,0.56,7745,0
robotjackie,0.1966905547,0.09848974142,6.00E-06,0.42,19281,0
robotka,0.1563498996,0.07849992296,7.97E-06,0.4,1777,0
robotlasagna,0.1024270279,0.06088072947,7.63E-05,0.54,1192.5,0
robotleader,0.04204092721,0.03227689836,2.16E-05,0.52,11881,0
robotman2018,0.05063980055,0.04413559911,1.15E-05,0.9,22164.5,0
robotmemer,0.08273529708,0.05218727533,2.93E-05,0.4,3370,0
robotneedslove,0.1788210467,0.09141886163,8.34E-05,0.48,3194.5,0
robotnique,0.1194522887,0.06368487573,1.32E-05,0.06,10233,0
roboto-sama,0.07735160726,0.04990839084,0.0001140995039,0.68,3645,0
robotokenshi,0.1385639059,0.07788271681,3.15E-05,0.62,8813,0
robotomatic,0.09841813141,0.04899078237,1.84E-05,0.22,5781.5,0
robotonatractor,0.05952697286,0.04444548828,1.87E-05,0.7,15012,0
robotphood,0.1461010057,0.07014743654,5.01E-06,0.1,10659.5,0
robotprom,0.09271841862,0.04962546315,1.20E-05,0.64,13643.5,0
robotreader,0.07894196665,0.04981274519,1.48E-05,0.34,6534.5,0
robotred12,0.1475600345,0.07283525077,3.86E-05,0.06,11397,0
robotronica,0.1791662882,0.08361477794,0.0001725965073,0,2412,0
robotrosa,0.08123012632,0.05512271589,0.0005392637971,0.46,228.5,0
robots914,0.1238021276,0.06390706734,0.0001932994673,0.7,10063.5,0
robotsexboyfriend,0.1213477782,0.07156760656,6.03E-05,0.44,2964,0
robotsincognito,0.04721069048,0.03854627345,1.19E-05,0.14,2276.5,0
robotsoap,0.1151594754,0.06857316913,1.39E-05,0.34,9453.5,0
robotsolid,0.1119691479,0.06525106671,7.62E-05,0,749,0
robotsongs,0.1659494763,0.08058089069,1.42E-05,0.14,7910.5,0
robottaco,0.09618491704,0.05517436688,1.53E-05,0.2,4085.5,0
robotteeth,0.1692399111,0.08594547776,3.79E-05,0.56,14257.5,0
robottonic,0.07123914792,0.04767698977,0.0002433255794,0.62,4949.5,0
robottricycle,0.08159953128,0.05303631921,5.61E-05,0.16,441,0
robotunes,0.0805737387,0.05262524783,1.95E-05,0.12,10599,0
robotusson,0.1019281997,0.05379057818,6.96E-05,0.18,8125,0
robotwarlord,0.08128828703,0.05246507052,1.72E-05,0.34,14552.5,0
robotzor,0.1414281083,0.06672827417,0.0001492840338,0.08,5875,0
rock-bottom_mokshada,0.05923406888,0.04668614283,3.83E-05,0.74,22763.5,0
rockbottam,0.05056153451,0.03885244984,7.17E-05,0.52,12567,0
rockumsockumrobots,0.1254984223,0.06945852175,2.93E-05,0.44,24441,0
ronobotik,0.4197149139,0.4194337561,1.60E-05,0.16,7383.5,0
roro-xpostbot,0.2706422315,0.06301810182,2.83E-05,0.84,3,0
rosey-the-bot,0.9021031917,0.4239518933,0.0001892477025,1,3292,1
rotobotor,0.0816058668,0.05302491983,0.0001079244615,0.24,963,0
rtbot2,0.6087861886,0.1098189147,3.01E-05,1,0,1
ruggles_bottombush,0.09335976705,0.05934058951,3.17E-05,0.68,2779.5,0
russiabot1776,0.0772970832,0.0551151237,0.000526371197,0.14,6535.5,0
russian_botski,0.1929004651,0.09303441793,7.14E-06,0.18,7802,0
russianbot2020,0.1020919791,0.0602140628,2.54E-05,0.14,2127.5,0
rwarnt_notarobot,0.08752458842,0.05114344313,6.53E-06,0.38,5117.5,0
ryanvsrobots,0.1153860306,0.06384929303,3.56E-05,0.3,18709,0
sabot00,0.1146274033,0.06890726925,2.00E-05,0.12,4393.5,0
sabotage26,0.07309309295,0.04941940907,1.74E-05,0.56,32071,0
sabotourAssociate,0.1094970997,0.06439188437,0.0001317964114,0.28,7211,0
sad_robot_NO4005,0.04564985368,0.03675489785,9.43E-05,0.58,1182,0
saibot83,0.07196712815,0.04925788068,3.91E-05,0.16,10419.5,0
sarahbotts,0.1447482558,0.09531387545,5.16E-05,0.6,8367.5,0
sbpotdbot,0.5990832587,0.508213952,7.45E-05,1,2,1
scavengerbot,0.7722788731,0.5948202882,9.47E-06,1,64862,1
scobot5,0.4203117057,0.1793222089,1.52E-05,0.12,25130,0
scottbot97,0.1979709098,0.1030255226,2.38E-05,0.04,4656.5,0
scottylebot,0.1291475756,0.06886257623,4.83E-05,0.32,23955,0
scripture_bot,0.5003891765,0.2563013977,1.05E-05,0,151,1
scumbot,0.05783363118,0.04484915007,1.07E-05,0.24,5946.5,0
senorroboto,0.1573882003,0.06959295654,3.30E-05,0.4,2124,0
sentrybot619,0.1390343313,0.06993477052,1.57E-05,0.56,3381.5,0
serendipitybot,0.3745518909,0.1493105512,0.0002170091795,1,955,1
sexrobot_sexrobot,0.1366110311,0.07270291995,0.0002149650037,0.16,15317,0
shadowabbot,0.1049954033,0.05522457629,3.18E-05,0.34,13315.5,0
shapeshifting_robot,0.2201410108,0.09224024325,7.16E-05,0.4,1987,0
sharkbote74,0.060574516,0.04555098385,0.0001086876187,0.48,361.5,0
shazbot996,0.2045328333,0.09959636372,1.53E-05,0.52,3235.5,0
shazbottled,0.08818290348,0.05498183515,1.16E-05,0.24,12525.5,0
shorebot,0.06349128978,0.04439396205,4.25E-05,0.18,1765.5,0
signalbot,0.0471231207,0.03775171207,2.43E-05,0.68,15863,0
singularitybot,0.08110577966,0.0528195036,2.97E-05,0.34,17974,0
sixrwsbot,0.1465235516,0.07235345808,7.12E-05,0.24,19314,0
skyfiretherobot,0.1542376285,0.07545903092,5.63E-05,0.58,3995.5,0
slightlynewbot,0.07127547338,0.05152307748,1.20E-05,0.34,3967,0
smashing_bott,0.05547316555,0.04098232533,1.05E-05,0.6,16766,0
smegbot,0.1449966636,0.07116242379,1.60E-05,0.62,17840,0
sneakpeekbot,0.6787677725,0.1930722483,0.008753501401,0,10,1
sociablebot,0.1447656123,0.08416070869,1.84E-05,0.56,7566.5,0
societybot,0.6344,0.6344,0.0004450972537,0,6,1
sodainaplasticbottle,0.0955619958,0.05476993857,1.25E-05,0.26,7847.5,0
soggybottom26,0.08917312951,0.0606889209,1.02E-05,0.46,1915,0
soggybottomman,0.06172248453,0.04306763301,0.000119854353,0.36,7406.5,0
somekindofbot0000,0.6917127278,0.2909933757,6.52E-05,1,506.5,1
sourcesbot,0.6200774244,0.1753836408,1.98E-05,1,26953.5,1
spacebot2005,0.05420476927,0.04273108594,5.32E-06,0.72,731,0
spambot0689,0.0698787449,0.04592233074,3.24E-05,0.22,4362,0
spambot889,0.1204962392,0.06907140796,2.21E-05,0.26,8926,0
spelbot,0.1057716763,0.06155149469,3.29E-05,0.28,850,0
spigotbot,0.2278961484,0.154225259,1.47E-05,0.4,19.5,0
spinozasrobot,0.06632685588,0.04514520172,3.05E-05,0.48,16210.5,0
spoofbot,0.004578143691,0.00454878899,2.21E-05,0.44,26,0
squeakbot,0.07586859997,0.052765469,1.13E-05,0.44,3518.5,0
stabbot,0.7455423363,0.6169000014,0.001110962983,0.24,112.5,1
stabbot_crop,0.4723906798,0.4031488928,0.0002261829368,0.46,312,1
starbot1,0.1108869647,0.06335735604,1.60E-05,0.28,3228.5,0
steambotwolf,0.04711663077,0.03795380513,8.18E-06,0.42,6664.5,0
stonedbot420,0.1540246734,0.07856729351,6.51E-06,0.48,35862,0
stupidrobots,0.09917559887,0.06002102769,0.0001356594405,0.5,2437,0
substitute-bot,0.4949931411,0.1217813926,8.93E-06,0,5,1
suburban_robot,0.1487734103,0.0783001567,2.99E-05,0.32,3263,0
suckbothmydicks,0.07932412826,0.0534568631,8.02E-05,0.4,2677,0
sudorobot,0.1359276886,0.07511131801,8.28E-05,0.26,1283.5,0
sufficiency_bot,0.4580893284,0.2338212452,3.59E-05,0.92,13,1
sukabot,0.9630086698,0.9613235195,8.71E-05,0,3,1
superhappyrobots,0.1358341122,0.07449885592,7.37E-06,0.18,4051.5,0
supermodel-robot,0.1161162153,0.0648035059,6.43E-05,0.6,10953.5,0
swimmingrobot88,0.06663825415,0.04954191742,4.49E-05,0.26,11507,0
tazebot,0.1153709923,0.06660527522,2.53E-05,0.26,18788,0
tbotcotw,0.1010591527,0.06003451125,0.0001047116033,0.14,6282.5,0
teamtestbot,0.1114954565,0.0576540785,1.07E-05,0.54,23528,0
telltalebot,0.4241461272,0.1744431488,2.51E-05,1,494,1
temporary_robot,0.2420021751,0.1039292011,1.11E-05,0.68,37975.5,0
tesl-bot-9000,0.6287039141,0.2627125078,2.98E-05,0.08,8.5,1
thank_mr_skeltal_bot,0.6756318539,0.4875688868,0.000501117492,0,3,1
that_orange_bot,0.03908180425,0.03385121217,8.06E-06,0.12,187.5,0
the-sharkbot,0.1126925312,0.06468055205,5.38E-05,0.34,14608,0
the_episode_bot,0.6672537132,0.1888336735,4.26E-05,0.94,113.5,1
the_random_bot,0.03956718018,0.03369020583,5.56E-05,0.28,6403,0
thebottomofawhale,0.1573156577,0.08567014648,2.39E-05,0.22,6300.5,0
thekremlinbot,0.2102881651,0.09285407608,7.81E-06,0.44,4606,0
therobotkiller3242,0.0104,0.0104,0.000138434746,0.34,23,0
thesaboteur7,0.06795309589,0.04558211966,3.20E-05,0.5,11376,0
theturbothot,0.06365436545,0.04561464735,9.24E-06,0.36,2246.5,0
theunnamedrobot,0.1137595353,0.06334350203,2.75E-05,0.42,1076,0
throwawaybotterx,0.1475769907,0.07285690531,8.14E-06,0.34,19613.5,0
tibianbotter,0.1042013165,0.0645338881,3.58E-05,0.12,23817,0
timbotemon,0.1155497212,0.06177358879,6.23E-05,0.24,10384,0
timestamp_bot,0.8032933279,0.3192793028,0.0002244275974,0,1834,1
timezone_bot,0.8771021197,0.4251455276,0.001945903872,0.96,12,1
to_gfycat_bot,0.9554545455,0.5481473944,0.0001833509961,1,559,1
toledobot,0.09784110372,0.05916659986,5.78E-05,0.28,6303.5,0
tombot-_-,0.04878490745,0.03952320665,1.00E-05,0.54,3039.5,0
toothboto,0.08680468741,0.05456041845,1.92E-05,0.38,8645,0
topredditbot,0.1751480743,0.08611067349,0.0002472786979,1,2,0
totallya_russianbot,0.1042772855,0.06446242759,0.0001441163076,0.46,2945,0
totallyhumannotbot,0.2279248734,0.1393063394,0.004220477758,0.28,1,0
totallynotrobots_SS,0.1416398356,0.07284820219,2.03E-05,0.52,1528,0
transcribot,0.7146491292,0.4150670888,0.04480286738,0.5,2.5,1
trevbot,0.1437746111,0.07486376346,2.12E-05,0.26,7033,0
trumpcoatbot,0.8559242077,0.4578004267,0.0001601434886,0,8,1
ttlynotarussian_bot,0.03735948347,0.03138249537,2.32E-05,0.4,19266.5,0
turbotobi69,0.01669702539,0.01534859058,8.91E-06,0.68,790.5,0
turbotum,0.1162138311,0.06388313465,8.87E-06,0.28,19745,0
tweettranscriberbot,0.5258144845,0.1482998939,0.0003527411515,0.98,5,1
twitch2years_halobot,0.02440311239,0.0215688204,3.05E-05,0.52,31.5,0
tybot1,0.08930922815,0.05496771455,2.67E-05,0.48,1741.5,0
ukdashcambot,0.6088284973,0.1323123037,2.07E-05,1,1,1
umbrbot,0.9374775882,0.6777760877,4.56E-06,0.98,169.5,1
uncut-robot,0.1421692541,0.0832581863,3.61E-05,0.4,12596.5,0
unicornbottle,0.152109933,0.07776790361,5.58E-05,0.22,10393.5,0
urethral_lobotomy,0.1181567573,0.06537142488,5.88E-06,0.02,9213.5,0
urkelbot568,0.07813879966,0.04584485995,1.89E-05,0.58,17621,0
vegetarianrobots,0.1615162666,0.07940178536,0.0002835399394,0.2,1098.5,0
velvet_robot,0.07119645819,0.04760073139,5.07E-06,0.2,3313.5,0
verybadbot,0.09942932814,0.05603859752,7.97E-06,0.56,3702,0
vet-bait-bot,1,1,7.78E-06,0,332.5,1
vonkillbot,0.07847825782,0.04747492731,2.00E-05,0.16,6459.5,0
vorboto,0.1517465667,0.07417994897,4.56E-06,0.48,7378,0
vreddit_bot,0.9150280624,0.6334222121,0.002557283142,0,20,1
wabbott82,0.04682589035,0.03786206428,1.41E-05,0.9,9973,0
walrusbot,0.123469906,0.06029011523,6.59E-06,0.2,7487,0
wankerbot,0.09538916811,0.05519546792,3.42E-05,0.1,2464.5,0
waterbottlelord,0.05562317967,0.04359627071,3.67E-05,0.64,560.5,0
waterbottles4,0.1786702238,0.08110612846,0.0001587820779,1,69891.5,0
wbotis,0.0882225322,0.05336991927,3.43E-05,0.26,11100.5,0
weekendbot,0.2807288031,0.1481945132,0.0001469438616,0,72.5,1
weirdobot,0.07022095753,0.04517028758,5.81E-05,0.58,21265.5,0
wetshaving_bot,0.5776598083,0.2310278399,0.0001653909511,0.18,61.5,1
whataboutbots,0.2430973049,0.1061579821,2.80E-05,0.16,4510.5,0
why_i_bother,0.07836943241,0.05259259877,1.32E-05,0.34,10044.5,0
whynotbothhhhh,0.1241097892,0.07396763064,3.07E-05,0.4,6147,0
whyohwhydoIbother,0.09141455956,0.05410767709,7.00E-05,0.5,22130,0
wickedrobot200,0.09613463197,0.0573631324,5.16E-06,0.2,12198.5,0
willrobot,0.2526262051,0.1031726947,9.48E-06,0.7,3604.5,0
wobble_bot,0.1839641058,0.07907053476,7.19E-05,0.16,10362.5,0
workerbotsuperhero,0.1567631597,0.07857568643,0.0001359209049,0.16,8640,0
wumbotarian,0.1168491579,0.06285547148,6.24E-05,0.1,7057,0
xbotskeletor,0.1362200033,0.08599811442,9.05E-06,0.08,8168,0
xevilrobotx,0.2163470157,0.1006762327,9.31E-06,0.22,5156.5,0
xrptipbot,0.7588151487,0.3223787405,3.88E-05,0,91,1
xzerobot,0.050199155,0.03985734102,6.32E-06,0.24,2536.5,0
yaybots,0.0756254001,0.0490316744,7.39E-06,0.6,10062,0
yobotomy,0.1088320788,0.05970430763,2.81E-05,0.12,9139.5,0
yogobot,1,1,3.03E-05,0,7,1
young__robot,0.07550231548,0.05229320264,4.12E-05,0.18,30265.5,0
yourtypicalbot,0.09604192053,0.06056549964,8.75E-06,0.42,7766.5,0
yungrobot,0.0638620027,0.04531300855,7.47E-06,0.66,25149,0
yuribotcake,0.06970681352,0.04730809512,9.79E-05,0.56,412.5,0
zakubot,0.05783142543,0.04651757432,0.0003051944088,0.88,20190,0
zbot473,0.04276406841,0.03794137135,8.31E-05,0.26,7714,0
zbot_nml,0.5975870787,0.5418939965,1.48E-05,0.82,4951.5,1
ze-robot,0.6357480797,0.1465066801,0.0002290635881,0.9,8975.5,1
zerobot,0.1550884379,0.08192013038,0.0001077224037,0.22,4797,0
zobotsHS,0.1489653661,0.07818173718,1.66E-05,0.62,3035.5,0
zombi-roboto,0.09706720262,0.05278004778,6.13E-05,0.46,14459,0
zombierobotvampire,0.08388252953,0.05362619598,7.57E-06,0.16,5176.5,0
zuckerbot_3000,0.03690344378,0.03193773572,0.0001842244886,0.68,23609,0